,solution_0,solution_1,solution_2,solution_3,solution_4,solution_5,solution_6,solution_7,solution_8,solution_9,solution_10,solution_11,solution_12,solution_13,solution_14,solution_15,solution_16,solution_17,solution_18,solution_19,solution_20,solution_21,solution_22,solution_23,solution_24,solution_25,solution_26,solution_27,solution_28,solution_29,solution_30,solution_31,solution_32,solution_33,solution_34,solution_35,solution_36,solution_37,solution_38,solution_39,solution_40,solution_41,solution_42,solution_43,solution_44,solution_45,solution_46,solution_47,solution_48,solution_49,solution_50,solution_51,solution_52,solution_53,solution_54,solution_55,solution_56,solution_57,solution_58,solution_59,solution_60,solution_61,solution_62,solution_63,objective,measures_0,measures_1,measures_2,measures_3,measures_4,measures_5,measures_6,measures_7,measures_8,measures_9,measures_10,measures_11,measures_12,measures_13,measures_14,measures_15,threshold,index
0,-0.13514370842619206,-11.107327907527075,-2.389239788560519,-11.19361433200022,0.28774925574208976,-1.975746308998146,4.628389798769482,-1.4211899931890568,-13.179918324769242,7.4648471569528265,-2.6815621303845725,1.813717620035923,-3.7564571169661263,5.5723532284293285,2.485167382442756,-5.285300612093368,-14.76367432214375,-4.100929456588096,-0.18592024639629426,5.337033494487837,-3.2773896742177606,-3.859189375351845,-7.024557839425074,-0.016256819777166642,-2.6246787468199546,-8.051687345150995,-4.986876059041513,4.252617567119402,-0.472945129151086,-3.8623173016683494,5.329257520718155,-12.378033230687718,0.6780528774614405,-11.947411123160137,-6.4547202976890405,-6.933800535497536,3.340441566112369,5.445854736633613,4.55300136326285,-1.8379919550327792,-3.953149887358441,-3.4615606870032236,-1.405342167779221,2.4360717214754803,-12.545051542267174,1.7398111742858657,19.839294697629086,3.4365728511204763,-4.293843123594445,-13.490989889458797,-5.9484845260174355,4.752247848216415,1.5666998556945542,1.4494505475920418,-0.09486544151708026,3.635704171603946,4.017022057584891,-0.9491257024167807,-5.337969507118466,0.0696648670908768,10.073102589651825,5.310310292312264,0.03222857645133702,-5.657054302260406,263.32958002587253,-0.17307333648204803,0.15037789940834045,-0.14631815254688263,0.1727801412343979,0.1018848717212677,0.1325903832912445,0.029440555721521378,-0.004086315166205168,0.10702831298112869,0.13161273300647736,-0.03495941311120987,0.22395849227905273,-0.3217995762825012,-0.007216901984065771,-0.09692604094743729,0.08764655143022537,256.6441971365282,6494
1,-0.6655320330481466,-10.948068683650176,-2.135896591969864,-11.694300707303304,0.868510371606997,-2.8531404313665183,2.801774325508289,-1.6690293015012798,-14.269254600365327,7.4978572832640875,-1.833111619730919,2.2422489481273917,-3.511913693301903,4.675782388615547,3.686335686261836,-5.018216187765688,-13.88853608697241,-4.081111151522318,-0.9959046642947161,5.825634980066377,-2.4044800487159037,-4.15497549381628,-6.926093055730038,-0.632541853041936,-1.7418335834809335,-9.249264576263528,-4.527500884471664,4.39715153810116,-0.8825944475769156,-3.5960123196152733,4.857504953230464,-12.257831457045954,0.1742974797286369,-11.761032229360755,-6.137525569179765,-7.4004164820096685,3.9498151093242027,4.653848185632337,5.597218879514666,-1.2269113687514688,-4.651756874174508,-3.3844878239799576,-0.040357953689661136,2.866628132059839,-11.880952742620405,0.8724441415177743,20.238418851737578,4.198114457555051,-5.017054977138963,-13.899586905445867,-5.5224569816472515,5.472560151374751,2.2937298334347247,0.8597642250956463,-0.06566860553514602,3.1436368662372867,3.9718371348156545,-1.8612729370555214,-5.482644559150331,-1.1638406751044117,10.183951760670714,3.6392789578454856,-0.14511750711295257,-4.193077847430298,269.28972000263775,-0.1390323042869568,0.13577282428741455,-0.21612925827503204,0.15574610233306885,-0.03508094698190689,0.16836372017860413,-0.09437787532806396,-0.07345151156187057,0.12035974860191345,-0.11421757936477661,-0.13483479619026184,0.3002786934375763,-0.3521137833595276,0.08681092411279678,-0.008388233371078968,0.10774104297161102,268.8651348562887,15864
2,-1.7073266682897765,-4.780557127212819,-9.644725618642104,-4.825593963678892,0.31936958231027157,11.22550119219778,-3.9559225840591985,-7.662676036134371,8.23519636890957,14.540060960663736,8.955792230676709,11.484003006111188,-3.7542879563914835,13.612568841775419,6.447041127641693,-2.354443188887442,-2.381446613401934,-7.506256020663154,-0.5232199179118382,1.621735928777409,5.9824656623800445,-11.106154587628854,-0.9454262881349345,-16.796363632930948,6.9926901397916605,-1.8437649875742905,-7.040544214039267,0.743565515113155,-4.410280838666083,6.750494224213235,-3.8172929023489153,-8.804058510569668,-3.4781077361386106,-1.8019877287801265,-4.021808259583877,1.236669543987432,5.070793347948954,-4.868034813709112,7.262179275175145,-0.2121564249957396,-4.611387483132223,5.19828867647379,-7.31238780039123,-2.680018604569875,-1.09287486087135,-3.0932357096774523,-1.1228511651620408,2.933095118810665,3.8164640083975385,-7.279179140846199,-16.441802983128312,2.948021613381715,4.0237836798855415,-5.213370093190509,0.5425952701924133,-4.201984975466707,-3.902212564613959,5.570933259031611,-3.3873936635841275,0.40151109920789996,-4.348332647472102,6.848235271572943,-3.25798217502834,-3.854219808254376,-43.66954164752424,-0.07262556999921799,0.048141125589609146,-0.05025946721434593,0.05504937842488289,0.1733824759721756,0.1458064168691635,0.049675099551677704,-0.023338090628385544,0.1316034346818924,0.09787722676992416,0.05529202148318291,0.2588414251804352,-0.17585553228855133,-0.12257833778858185,-0.03937190771102905,0.044130418449640274,-71.1712225902891,3174
3,0.41564445979414166,-10.843651170502147,-2.8614961445828078,-10.683533145886907,0.908020820900308,-1.5297274160203242,3.452516720013195,-1.5149215972613321,-14.070397672915714,6.758889818490057,-1.3695021465475983,1.348750390233694,-4.141556978809428,5.449395453184056,2.8974823026209755,-5.006319970712497,-14.198391778306265,-3.1655953105234973,0.0009390126692584155,4.947754527119507,-2.481423813462649,-3.34253219559288,-7.040050488600126,-0.727645220469813,-1.9459058806787082,-8.740422681313717,-5.977727427254471,3.557367692932853,-1.3742148507615877,-3.6997951500592756,5.189080388796312,-12.158771173094422,0.6068046837572367,-13.004586432705274,-6.58086635994012,-6.853574109890516,4.11951697472064,4.620857125415447,5.006600242876669,-1.640022583902116,-3.3433884899404145,-2.240985357388907,-0.4066100158157756,2.8835776742292953,-10.738083365641792,1.0640233982633431,21.603343993490952,3.3750977678914045,-4.546516200559896,-14.387489563231089,-6.323471117643407,5.45656675783456,2.476671912880581,1.4024644298340478,0.47156812131595127,3.9196936927364026,4.154874295123246,-2.2445473667383524,-5.527416701954461,-0.3636213708799322,10.349288294912744,4.324397404344465,-0.054775339521227706,-5.137298138438577,256.17725642730215,0.026265418156981468,-0.0127944927662611,-0.18229471147060394,0.13916029036045074,-0.18517088890075684,0.42239853739738464,0.2926024794578552,0.08934624493122101,0.20120090246200562,0.008848454803228378,-0.038789357990026474,0.4377100467681885,-0.35487985610961914,0.2436532825231552,-0.19957666099071503,-0.009128939360380173,255.6429076523183,19000
4,-2.6920981878471877,-5.8816204722729815,4.528514844205123,3.737157350962016,3.4574463732088425,0.3635461038937501,3.08058547428311,-8.036375246696162,0.6845852682297457,5.0497992436613615,-0.13140297360129882,1.420028976582402,-4.6495563736308965,-0.2949953322577451,2.9779727185915794,1.2406150932079911,4.965765221947059,-6.028875803026406,-4.583683714443395,8.418615865344613,-3.3066402486913624,3.1073371638617946,-3.445943615339543,0.4512722111435157,-1.2589159305918078,2.2314760235834825,-3.2963105413641194,12.079899959301954,5.6054371664434,6.750582892777973,4.540471219754132,2.9562330948463185,-0.39319783555393967,1.5604213713940527,3.641959372843478,-2.9814133615715868,-4.421040440089268,-0.5960176732002708,3.528759654660109,7.766942263379741,-0.732963717306615,5.330937880875315,-0.35392901001263877,-10.061560468155305,-3.967425646949607,-2.498331875900017,-7.4089675337423415,-8.439020922347968,4.673630601527421,-4.902678240254653,-4.055700751747339,5.269910866473127,-4.737649959304036,7.727177002640197,2.4487138984137795,-8.492546945711029,5.053889814800528,-4.01139906779215,-1.310427189612022,10.183377517976801,-0.7554791388224465,4.898424086106799,-4.298197270804948,-2.5558013718144372,20.020394052376574,-0.09299951791763306,-0.11298947781324387,0.008250354789197445,0.09714609384536743,0.02523800916969776,0.19876046478748322,0.008201670832931995,0.03314107283949852,0.002127033192664385,0.11042321473360062,0.070164754986763,0.22469039261341095,-0.16382308304309845,0.01155063509941101,0.08706334233283997,0.023425279185175896,17.08745972335761,30733
5,-0.4068282545722828,-10.364401572608958,-3.552687127282864,-11.460939865850456,0.17392344641975344,-2.317247996423035,2.2412260522660366,-1.2127224520570241,-12.904893242067688,7.756382045781547,-1.145991264305189,1.7022163803441654,-3.831194297129447,5.107655719856149,2.3872288012731535,-4.456259496985604,-14.333548464999367,-4.411254432341491,0.31077385248749456,4.974084192556369,-1.7074580320561672,-3.750401276155495,-6.212799452555324,-0.47787033523733935,-1.8625603646369775,-8.919192505437834,-4.55847153767063,3.980752472842632,-1.2624499495109238,-4.48373391006416,4.797056612883093,-12.853977570996015,0.9503312543405295,-12.765490540188145,-6.1444709507992865,-7.546601713424785,4.307378091492039,5.5179922285995335,4.664931562155225,-2.3173186581655534,-3.2856945450614297,-2.7330526059539824,-0.8660737483084275,2.5698566422816347,-11.849864570648165,0.3862857159933042,21.601215731666127,4.1938192063406685,-3.938040406209341,-13.147508272946467,-6.016271416457874,3.939088386727323,2.359332263225675,0.4159524563427208,0.24338796089305992,2.691585211762827,3.894230965861376,-0.09123313223064594,-5.9526286947739555,-0.19987300046369164,9.896673308283605,4.733000575252784,0.0702343891375578,-5.204338097342797,213.56320682040064,-0.07790976017713547,0.06620430201292038,-0.07456841319799423,0.1180790364742279,-0.053767312318086624,0.27421802282333374,-0.11402276158332825,-0.030418895184993744,0.3626326024532318,0.011469239369034767,-0.05960173159837723,0.23222430050373077,-0.31111717224121094,0.1453656405210495,-0.032707370817661285,0.13260500133037567,192.86560280047672,18752
6,-0.2706350051563696,-2.8226787661157084,0.5908057929038372,-2.4846622850262947,2.329857426802471,4.263383704594975,0.4159300992969206,-0.6768033593913797,-0.9930999110614015,1.73918938981801,-0.18492605945182838,-0.5838800336454759,2.606318837725411,0.1866468643333523,-1.031813611908429,-2.969281633704388,2.621316142485405,-1.5120064637608508,-2.255592822364821,-0.0756377999563244,-0.279581717375335,-0.1346249467291003,1.199801058494907,-0.4845060676513272,-0.304530354644028,0.33173974846889714,2.555758383553053,-0.9158661482980038,-1.366640356709882,-0.046715880299437185,0.8659846844778906,-0.38098009344225847,0.08779269616505991,0.730853536989738,-0.8730797110245287,-0.6416161494069091,2.263526309157694,0.1593627544294549,-2.892428904297144,-0.8106514916394643,4.426106268013169,-0.3570141267213004,-1.2811058397531832,-2.709916281668904,-0.09544889464129025,0.9140016990574327,1.4550838223068392,3.942614434978294,-1.833197432019264,-0.9476783861469966,1.6749020674384485,0.5933344076797377,0.9742321667292001,0.713818726006062,-0.2824675494363513,0.35842821848494877,3.0094362477029044,-1.325042868870537,-0.11278620798491965,1.0234196211839304,1.6722321475333215,-3.515739918256644,-0.9007129856540379,-0.45489135473942216,-278.5112828145466,-0.44296297430992126,-0.3266790807247162,-0.251965194940567,0.21509958803653717,-0.07080613076686859,0.0936257392168045,0.11279486119747162,0.5286847949028015,0.4293663799762726,-0.26741230487823486,0.2271195650100708,0.6056404113769531,0.06678339838981628,-0.0934133231639862,-0.016541507095098495,0.049228448420763016,-293.553384844364,25932
7,-3.143499758012605,-6.504861418320181,-0.1324616845792964,-5.863135107710723,-1.3686237254217204,0.6640308044507403,2.0540758817206197,-2.1589956721250427,-6.696066532927453,0.3924630152685402,-1.4713350452261147,3.502534632323941,1.6112200466322757,0.6534125494802925,-2.1106256122446245,-2.8228049062414415,-3.0876021371749616,0.3137126804915943,-4.295629013313408,3.7029847306492103,-1.418770318088431,-0.6440786216979972,-1.911609677205915,4.741551557067268,-1.079040778764874,-4.469412981430058,-0.1604531368454949,-0.21845500285737895,0.8269864940455987,1.1182697249961007,4.750444307408243,-9.629642965182443,-0.8379415224021588,-5.522683795024895,-6.955393632433238,-0.3164059246060017,5.077217301792484,5.759093711188504,4.059651484093012,0.4433367124689515,1.325106641437885,-0.6370764862212239,2.1233086120477163,-3.138259170482387,-2.5025804726287486,-4.115996615886576,12.352074347480182,3.835829422726773,-2.364835150343157,-3.403397032103331,-4.046438844573047,1.1429793584417067,2.650753921462931,2.1339172843903578,0.8702948040642162,-0.14770928345290968,6.956511480921413,-2.0730171235669923,-1.466353467415761,1.3538598746010104,3.7782454344843344,1.4202315768678135,2.725560054560746,-2.0380726270299663,194.25433302734243,-0.20090040564537048,0.10445304960012436,0.0076095000840723515,-0.11706849187612534,-0.2395545393228531,0.4560384452342987,0.2793363034725189,-0.0014485259307548404,0.2904086410999298,0.038708820939064026,0.09986526519060135,0.4688045084476471,-0.11797274649143219,-0.1570902168750763,-0.23285707831382751,0.07403718680143356,168.23872875885777,38999
8,-2.31554380925699,-7.66807972978585,-8.715595120664688,3.844283142113049,-1.6156207510210474,9.718678372392985,3.9531227480193607,-7.645227364559483,5.680346137462705,14.297561892464834,8.819534417930916,9.645767319592679,-4.387307275063412,12.455442308470717,8.248865614031468,-4.716512006856854,-1.9943749357631821,-4.34919445699696,3.740395311135309,1.2029589941040828,-0.5176491377443051,-7.7989098808514825,0.8828261593387993,-6.229288832303396,5.734059757187814,0.3477864954694761,-6.883484983130677,7.923455013652721,-2.842307353403397,8.78077068584549,0.7400013701846486,-5.918570298351916,-5.782536372150402,-4.110241071548007,-5.577663678373789,-0.6045117481845841,8.91274141195841,-0.6572575371263712,8.190435205453461,-1.4699910744763351,-1.5351612132105736,8.772272235358374,-0.7975989701323937,-4.407373261454766,-0.06171964562287213,-3.418288083617366,-2.150835225563285,1.9938038465657038,4.648158661056307,-3.9194369432571463,-16.410963173682784,3.067935348123313,5.148308074230805,-2.8100493087852123,1.855386247515037,-6.945865915762049,0.23312190753696127,5.576538889013043,-4.0328563506096495,-0.16320701365229,-3.2805083394927412,3.408080805288238,-2.2762043199561086,-4.584336443333985,-29.04271612528784,-0.13182754814624786,-0.13145112991333008,0.11868242919445038,0.35930225253105164,0.08183008432388306,0.39436501264572144,0.12453828752040863,0.10121095180511475,0.09252173453569412,0.20681896805763245,0.08028651773929596,0.3590810000896454,-0.2383735477924347,-0.14883476495742798,-0.1007518395781517,0.016245247796177864,-53.770260096751215,45245
9,-2.403805512857485,-5.605957925559995,-8.238303164375424,-8.821793216237323,1.4397759192463084,11.37750510816027,-3.5187180079925557,-6.720174344379458,10.505984796932193,15.703484894235316,13.605310723335023,10.023020501549436,-1.7864853818614292,15.508941698848194,4.936764772262365,-4.57655542729168,-1.9783382662004219,-5.989019607159932,-3.7317161373227306,0.5036447521200351,2.7222029333827784,-10.806390120116882,0.48265418819323136,-14.576819482097665,0.8716040233598378,-4.408272689724404,-12.361020951038396,-0.02361091436800844,-7.395490608844492,6.432272370990392,-2.090658405758351,-6.992242056925651,-1.3436119231049324,-2.408106835553089,-2.700843943096699,0.6468166755510312,4.138739243159405,-3.9892554427418774,5.442171340451979,1.3275870068313438,-4.248313623371992,3.8471218070083184,-5.3811664170266695,-1.1712639575598565,-0.7989050772214339,-4.297645762107855,-1.2592328581564662,1.3430965278480318,1.853494859006656,-10.036288621572295,-19.729366909157065,2.740502483907275,6.145160728864631,-2.368076250943578,-1.5725836554800061,-2.919264134139201,0.013760941143647676,3.2886707589901825,-0.30841961986260413,-2.641161304275065,-4.002473761905514,8.742785604161618,0.2877269962578346,-6.418604166797846,174.72654904406141,-0.10451140254735947,-0.22843870520591736,-0.04001981392502785,0.05987365171313286,-0.18109358847141266,0.34877389669418335,0.2614038288593292,-0.002178717637434602,0.23904751241207123,-0.010892649181187153,-0.26436206698417664,0.5955076813697815,-0.29772621393203735,-0.14547577500343323,-0.11545771360397339,-0.1362108290195465,-138.47860342794382,333
10,-3.56600898416917,-6.480374876339193,5.135356506802513,2.820919995356642,3.7334525942395764,0.5343725526565942,3.7510701068052006,-6.964836029274691,1.7981178231411878,4.18268875157411,-0.5790363277357097,0.2903147908766323,-4.47017930777873,-0.8134555748347699,2.814321827082267,0.5348246884195937,6.715656293244885,-7.08634136017633,-3.616295713916679,7.83483946696115,-2.901119229622741,1.9450007955277389,-2.5118820782185587,-0.20962341935646234,-1.6683470669718763,1.0806034454213822,-2.6303649260732915,10.299607702695626,6.998701625714701,7.454191510501035,4.007927595622357,2.994945372702204,-0.6188054319912419,2.5477200630923744,3.9338482429445127,-2.7965785312048657,-4.333340135913773,-1.079505770471378,2.0329888363723914,7.10872655277098,-0.23158861765321043,4.8773606391992095,-0.12314564990677762,-8.470340632570041,-2.737519461477418,-2.4625935061815403,-8.36700267180305,-8.093189611017694,4.667458018009023,-4.413376769852533,-3.844867857354019,4.983148418690782,-4.980605401175315,7.205157854459175,1.9551746453822143,-6.838017389714991,4.307958083779076,-3.2363573351750583,-1.6502610901630534,8.242780260717817,-1.3932994352953318,5.528883366564617,-2.5856037535988605,-1.3546819851246021,-168.93045550407044,0.05494189262390137,-0.2637062966823578,-0.0696764811873436,0.11484362185001373,-0.07472582161426544,0.17918828129768372,-0.0279841385781765,-0.1453506201505661,0.15405237674713135,0.24533811211585999,-0.010315597988665104,0.307828813791275,-0.20726986229419708,-0.0024578298907727003,0.11083420366048813,0.1127108708024025,-169.97556864549628,25068
11,-2.953904772204286,2.246774379919186,2.8950426343445845,-0.2501353783648438,-1.0381052066025493,0.8066226307541682,0.654110120566413,0.9226997033536017,1.4265979622056628,0.7347290092965358,0.2497176264334089,-1.1413995221015036,1.615694361945624,-3.3590833217034723,1.3919141899898448,1.139206513563868,0.4862384888434507,-1.489778581807098,3.32081615563947,-2.105645619424001,2.324436257725928,-1.5949104088831971,0.00023069910189765785,0.10749436365987408,-1.28216260362148,1.6266529810251655,-0.8077494020909578,-2.9416530354386263,-0.7402701111530071,2.761743899587025,-0.7355372186928775,1.0955567515581086,1.2926182945813338,0.3402267827066792,3.004296677382379,-2.5363368388793663,1.5959902806703847,-1.138113821529688,-5.0676084905916055,1.236930395814951,0.6743909618601576,2.123962113239334,-0.5205961422806927,1.2708784934189874,-0.34305351709422394,-2.5241642701343343,-2.091375552286712,1.442731612403331,-0.3783854631875166,1.1376032124919655,0.29367887778807544,-0.22169032911517228,1.689473871876102,-0.13956154057569214,1.7346423588053732,-4.413097784792916,4.398749984087019,0.015297580261388171,-0.9901838496834096,-4.799097134102046,3.726086156343579,-1.6694261194055477,-0.31655563021763833,-2.090629678521788,-199.07905834164987,0.40183326601982117,0.005482458509504795,-0.4797144830226898,-0.014124548994004726,0.22906984388828278,-0.38451671600341797,-0.17674098908901215,0.04737984016537666,-0.33422738313674927,0.395294725894928,-0.10722166299819946,0.45345810055732727,-0.40436601638793945,0.25768807530403137,0.13175399601459503,-0.25925764441490173,-269.723717502495,15317
12,1.5943216069472002,-3.531506383672287,-3.9476726494581365,5.076503827356163,1.1739520540838249,2.5221733736750944,-0.22539879992962536,-2.5425852105042717,0.12968439698136813,5.504860443276329,3.6105489356026217,4.038903116062393,1.2295033135818987,0.8144524803602269,-7.470115481220381,-6.0630003548878655,-0.27992772273196687,-0.5437504586702242,3.2217385283719198,-5.003438340110362,0.46723669899894393,-3.0015911096179146,0.8448996203020435,-6.871964032547684,-2.5179714736776933,-1.468717730303781,0.2479292762624321,2.8441808951933596,-4.073828983533992,0.6670732125810186,2.1421407177522016,-2.716010085540226,-2.370773815860799,5.177213828435104,-1.5357408570970923,-0.12402469140708612,1.5909490056697606,-1.7193765859682566,-2.084455466619117,3.169661069600003,1.29960201517742,4.175668836473062,-5.373950435990334,1.515805144508502,-1.846377035895121,0.6704159016606234,-1.1497889019935568,1.4862754136796152,2.5099770894116245,-1.7805090635362841,-3.6637325471955022,2.229438012856555,2.591459730284077,-1.5277453108991557,-1.6966999540728382,-1.1884818460534248,-4.399998248151498,0.5329409962901166,-2.4140569980711097,-3.8077757199176245,1.859811416599373,-3.6790342665196434,2.6282783936229333,0.6265629217269723,-244.4475865858984,0.016741253435611725,-0.1896357387304306,0.04920869320631027,0.1803290694952011,-0.102845698595047,0.24514856934547424,0.1527063250541687,-0.0760105773806572,0.1253318041563034,0.2497347593307495,0.1851108968257904,0.314395546913147,-0.13058559596538544,-0.20867902040481567,-0.12413083761930466,0.1173190250992775,-283.3342759757695,49175
13,-2.3010810246499274,-5.620232497432589,-9.76645138387529,2.06432652158451,-0.9776906555943552,7.831977849834148,-0.8746319150273836,-8.073974030986001,5.590470058578401,15.125671823280785,6.237217210268904,9.840377455794076,-0.10842210428252042,9.182380436673403,6.336113948928925,-6.108282476757907,-0.38829876423309895,-5.590268591503326,-0.07429943298466313,3.0663368456907603,-2.81564775569989,-9.542711500924268,-1.995861268328953,-9.378473101295242,7.9716438149271065,1.3947488870328923,-10.92609523202107,7.777983994314665,-4.968082616178642,7.730668103004534,-0.10018110471375391,-7.166789924911087,-6.098333394590213,-3.684496368019519,-3.4249481661064425,-1.3297071813891008,3.7342698248042043,0.4146646503080515,5.129300528444709,-0.922742458533321,-1.4419659256687343,5.287709024394608,-0.8142801988483821,-4.646113655043239,0.8386137513669986,-2.108653458976345,-5.483804839972152,4.207591589108221,5.9572108809438,-6.953683428319978,-15.189618488887174,5.0070996060103505,4.9548416992987905,-5.521410398947401,0.8103372356390368,-5.8511620243850375,-2.1261304041832387,2.6444721828519957,-4.731542920241158,2.4301603060584682,-4.655030679119834,5.116588359933521,-4.003246430899839,-4.1462564404935645,-234.00219894565592,-0.3669370412826538,0.025173421949148178,0.10177697241306305,0.37135982513427734,0.0814986303448677,0.3979838192462921,0.15347301959991455,0.08118881285190582,0.3086177110671997,0.10018802434206009,0.12560930848121643,0.10437969863414764,-0.4513545334339142,-0.10375959426164627,-0.08546953648328781,0.24784749746322632,-259.72443034077946,11795
14,-3.558743501084443,-5.038910466734764,0.6146129333801029,-5.4101263447380985,-2.257968333701132,0.3424900949241075,3.8868022328843175,-3.5831596435643185,-4.4393856965337335,3.607491954613287,-3.8951993835053353,0.2801301905278536,0.822810201301408,-1.819581711317384,-5.228725703720593,-0.7798139961417465,1.302352731052985,-1.5071222395989095,-3.3785255281060875,-0.08924568246529996,-0.5166447723496135,0.9118545649648069,-0.028188049822876662,-0.7717481697451989,-0.7600724979450073,-0.7469080606471515,0.4393749749096076,0.4381992018206008,-2.9871164345141397,2.655240431675864,0.9129177141745018,-6.704978448572865,-0.9494383031296111,-2.7182937621783902,-1.4645202275218776,-3.9737737330428295,2.6231920410316314,2.154939512075,0.5659341465887682,-0.04725617674401272,3.14265697339941,-0.794891979324858,-3.040343809506613,-0.7326120516511216,-3.1527489173131276,-4.125377647048406,6.810346066665273,6.838422018129943,-1.2082700895820535,0.7010403669533412,-4.496577376522617,-0.8482014089762508,4.3600903662557045,1.0930359793721722,2.1203197247613,-1.084776200645777,4.697046223537128,-2.670075452190131,2.1912740915321334,3.1885438414475784,1.635226433664909,0.32174668350650626,0.05172508951461274,-0.7184850913316998,-91.58041251594283,-0.26597315073013306,0.03664684668183327,-0.03569771721959114,0.21573325991630554,0.032213564962148666,0.33233264088630676,0.11397085338830948,0.06744522601366043,0.11590029299259186,0.2523459792137146,0.07444678992033005,0.3458070755004883,-0.16860142350196838,-0.2236158847808838,-0.22460973262786865,0.189934641122818,-204.374777891972,20173
15,-1.0675010291446136,-10.477845820838022,-2.390066996823091,-10.887186906539025,0.7735216522931145,-2.8881642004307135,4.239741781857397,-1.122749126708811,-14.205803615293926,7.417461560216168,-1.1730666027019003,1.6256079291468042,-4.244974755233359,4.848391582714441,3.131847426934096,-4.426347336156502,-14.456149825074062,-4.154175916265368,0.5629655101070143,5.968659497507443,-2.7257295545815445,-3.68278337558289,-7.449308437771113,-0.33183617716436586,-2.59295116348202,-8.897210328376133,-4.992453456612698,4.273201929800302,-0.5525700098830575,-3.0482841641099134,5.719581602977668,-11.803251941136988,-0.2912160448461798,-12.62092636131552,-5.791861317024815,-6.082987778923938,5.7236981981714115,5.430956973208166,4.95692059970868,-1.6332054244449858,-4.752344429546767,-2.901686266913775,-0.4910668120181375,2.9296707848259214,-11.577704829945363,1.3303696045672424,21.03490919502893,2.692274486693605,-4.127232627213109,-14.037175810580464,-7.032749526521241,4.903451702908067,3.203756332152707,1.4428190464998165,-0.17111019437781788,3.8127474541361526,3.782958612438048,-2.1574713933022114,-5.375262769762399,-1.4436203815145952,9.494712366752697,4.993147151923835,0.2591393085560943,-6.12100646655926,40.76453733550974,-0.33372747898101807,-0.15368707478046417,0.031337834894657135,0.1673242300748825,-0.280610591173172,0.42143720388412476,0.07149793952703476,0.40721777081489563,0.2752075493335724,-0.004697023890912533,0.2459983229637146,0.6626113653182983,-0.2846566140651703,0.30173420906066895,-0.25408825278282166,-0.1806839108467102,-197.76367027134938,37781
16,-1.2354735027949808,-2.6770014676803027,0.4782115714341618,-3.6665944751866686,-0.06489473953821778,1.6165702505507826,1.7074871024754108,-2.7845788086755032,-2.3796966883087975,1.0401696301698014,-5.149282629008791,1.086475765518709,2.310098745071322,-0.8351940488924989,-2.1578520823956677,-0.7614845037516187,1.9670611632820312,-0.7421906065391353,-0.8398316233397509,0.9375253490812057,-0.4203812727738454,0.934512037371112,2.6710047100884258,0.33724911243420697,-1.8532712026257419,-0.6754786366727094,-0.049612613011244866,0.40413308776370765,-1.2785140722812713,1.8073672015132722,0.44695216992645803,-4.408660012831278,-0.7603694409856787,-0.4329306634127821,-0.9317815732506887,-2.68470874399792,1.622497012756193,-0.6035806720788987,0.023761263830060803,0.5305227846084777,3.2001540436848632,0.9952210835617818,-1.5421585757572196,-3.3903164117664524,-1.3962351238188466,-2.6441673866648756,4.455339609695726,4.571645239278265,0.40434489893223974,-0.30400848110929013,-2.478762758197311,0.9524092496548402,-0.2653168509659764,-0.31140103423046195,0.6475775994766997,-0.42575852850746143,4.577063049653215,-0.6034817995449206,2.0573082714445734,1.673617688328208,3.074525468067261,0.5390229768411552,1.378557722211435,-0.22834764527145124,122.33130146443703,-0.07136334478855133,-0.1087154969573021,0.02115405909717083,0.35728728771209717,-0.10084328800439835,0.36624404788017273,0.12903176248073578,-0.005909299477934837,0.01855151541531086,0.16765549778938293,0.05058280751109123,0.4504895806312561,-0.15884363651275635,-0.2248964160680771,-0.28436753153800964,0.22182303667068481,-173.30060956066887,24283
17,-2.138410495039072,-3.9128377931691083,1.7604297085349867,-4.620303958267534,-3.622426504866425,1.231071408261411,3.448965711711424,-4.001567054298123,-3.4760984004703515,2.4945155704701496,-4.490163375995283,0.07608331818753887,1.3367115441122595,-1.2621454654518593,-4.061659206590754,0.4205565383726795,1.302939777185826,-1.5867691232064889,-3.6041406548835537,1.0117370202952638,-0.9683269592867885,1.8054592693477363,-0.5687242944085744,-0.9667636216288231,-1.8796113543923756,0.5745974631858319,1.3282408555804368,-0.48704748843579493,-1.1947198911645303,3.570570792217123,1.2522684918112623,-6.3585753044427475,-1.5850336687202238,-2.7766467830270676,-2.7482223251059565,-3.5767860670972844,1.6279733369530383,0.7097798376808018,-0.4319014759824206,-0.23882810530164678,3.8214049954952953,-1.2815273029718348,-1.3798314098387356,-1.8436122282397611,-1.7925886234182102,-6.291090120153577,5.453180226722592,4.822761913908904,-0.4533327430905969,0.906026807987697,-5.138287791887593,-0.05088506030675077,3.070399219618262,1.584389433449606,1.0363682800006566,-1.1567468084751638,4.4233421531862716,-2.8761418343710066,2.3761490009216035,2.1476900495348428,1.9313845726411571,0.14277052069688673,0.32439733974555784,-0.17181815683156124,161.84303983235674,-0.004385950043797493,0.05681290477514267,-0.06943444162607193,0.25159043073654175,-0.13858374953269958,0.23918020725250244,0.2806015610694885,-0.024356508627533913,0.16626515984535217,-0.0025329908821731806,0.1646990329027176,0.39749032258987427,-0.17345364391803741,-0.038991305977106094,-0.2010655254125595,0.14601586759090424,-73.11559282240921,20994
18,-3.8905575565360158,-6.861975299386538,-0.16704527384234624,-5.685677761980833,-1.2211730495262096,0.38746763901986503,1.516498396365501,-2.55887204163429,-7.838317753288583,1.441393404145316,-2.0158775491095025,3.7258157725507455,1.227328134820899,1.3330929419913153,-2.391392516090015,-1.9663752213912127,-4.16917958692964,0.4879535557012805,-4.118718268358007,4.499254590781738,-2.1995582791923325,0.12067372211171887,-2.512463310054424,3.5827862948665654,-1.400731248525554,-3.2146425924325612,0.729521520679385,-0.14730023561520728,0.27446826742090696,3.726978416847116,4.439863003925872,-12.926516811674569,-0.8318948584693888,-4.011158943286971,-6.959432302786177,-0.7500422160784783,6.907086234737446,5.595184706361734,2.860763980414885,0.47025311155925714,0.550449584221204,-2.7908437516327487,2.4934778813387664,-3.4807543648904327,-1.5240588371038037,-3.98562761453974,11.604587418925695,3.3163636445779017,-3.0786948176958147,-3.943369427238742,-5.519502924916735,1.3795872509864888,3.0193001781497193,2.087698242173631,-0.08688174942801957,-1.269989712797811,7.142252820583008,-1.8857822488939466,-1.5036273266206495,1.1465065977298767,4.223730759620316,1.9960761336946342,0.6402098469014195,-1.8944232216850776,122.14366430212817,-0.17381933331489563,0.012361887842416763,0.07986936718225479,0.3258383870124817,-0.15089240670204163,0.2953004240989685,0.4540520906448364,-0.03991613909602165,0.03336680307984352,0.30940452218055725,0.1379702389240265,0.5068862438201904,-0.2070818543434143,-0.2659570276737213,-0.0995304062962532,-0.015922987833619118,22.478722519127963,30228
19,2.7131719255220093,-5.075956459975793,-2.1153392374046565,0.14591687401892184,1.6312646911327424,4.5585714908645105,0.6773679916649449,-0.7401810627659855,-2.1724172540167563,7.200697461856779,2.238339322721973,5.454908779519702,1.3948361029286325,-0.3769242573886853,1.1444935202776683,-8.82584304082764,0.07529338581084777,-1.1531481025486583,5.615201721186703,-6.346522549082095,0.7447558087741957,-3.4371099402684315,1.470930426835369,-7.862767931009687,-1.3525695766080839,-1.9147767065934955,-1.6373364282845586,4.994399258568958,-5.452164699587733,-1.1131454159123597,0.8851041946169466,-4.737869679165233,-5.226099849151925,4.182282081729815,-3.863268317270912,0.42723661075668606,1.259036891133253,-0.35973556920173155,-4.683096671160659,3.5310569340013833,-0.06594066469104709,5.630346499452156,-2.5786482784614053,-0.8387741207204273,-0.9098792317599307,-1.4492777678881088,-0.4841395784793052,3.16619526731597,2.959565128728863,-2.230097257317548,-6.901899957804895,-2.6289199927026345,4.910309827176037,-1.8448856207614894,-2.4138657732849076,-3.211428981636467,-0.9531952292696629,2.107540454075998,1.7807980262906893,-2.4410728495381857,-2.69580511133875,-4.946733385128102,3.8035185768928974,-3.1774688873102184,-232.732007728179,-0.1999133825302124,0.20761197805404663,0.17891521751880646,0.11519204080104828,-0.009784446097910404,0.3157021105289459,0.021464381366968155,0.15833573043346405,0.18064382672309875,0.11457423120737076,0.09112438559532166,0.4055069088935852,-0.1433216631412506,-0.1011628583073616,-0.1867910623550415,0.23337019979953766,-279.8196023184537,23606
20,-0.12125972481238989,-10.43936525845075,-1.8052531115303296,-12.165817345649668,1.1233541571674366,-3.072514837748225,3.0567637848880196,-1.3478525904697398,-14.068907040428995,7.398758104571308,-1.3768787043079354,0.8794927413031881,-2.7935302907258466,4.622524026739442,3.178716743960145,-4.678618696375067,-14.98420271509912,-3.1672810595432446,-0.8543325944306989,5.5662244831332846,-2.5747281794950587,-3.7732585288382836,-6.759107294474502,-0.15488246376821901,-1.713642490435576,-8.701299924778597,-4.425786424919835,3.34348956674209,-2.044249409506923,-3.4197195590565803,5.205378798835462,-11.863882198071177,0.25775018305721364,-11.504900424382328,-6.099951611210965,-7.607424266139286,4.47732029511367,4.602702709277226,5.6779231673138755,-2.1188799650519536,-4.544656009429934,-3.6229348265372607,0.42458647050262216,2.7553452902391884,-10.9894650229279,1.3589381483353191,20.41310684368621,4.343885451136855,-4.37679181498592,-14.12464529544235,-5.525399515184652,5.704715733154093,2.38601294110949,0.3321642271146532,-0.7429078718132958,2.852450860906413,3.9292148857366267,-1.8741929337264285,-5.474701073717675,-0.7755642132120795,10.309933695690656,4.30363836098899,-0.9157722892893345,-4.869206664325132,8.561179111453413,-0.17206378281116486,-0.0353698655962944,0.006715628784149885,0.19904817640781403,0.031782206147909164,0.20029324293136597,-0.0027481303550302982,0.004377955570816994,0.24997854232788086,0.03667980805039406,0.0602390393614769,0.32683348655700684,-0.24791219830513,-0.04794273525476456,-0.0710967481136322,0.08576973527669907,-93.10606195243957,3953
21,2.7564350516311524,-3.3052363468115633,-2.848576911110209,2.8997782620960573,-0.9306572234612934,1.0117818553087328,-0.8508034720191118,-0.15662020838349422,-2.739276120975525,8.098582703133898,3.023142741269844,5.415321129636904,-0.16192569222024622,1.366879983220061,-0.4809697533311779,-6.481459800010455,0.32524380454452584,0.7563051473600042,5.007969609407532,-4.893422085331842,2.550454924522235,-1.25690035918735,-1.333379313844965,-6.763337745541055,-1.1031763774930368,-1.6099472481942332,-4.0400191663542335,4.101773290900345,-7.112844907243324,-0.8478500790556074,-0.40065591053933014,-4.759662274821094,-10.11596385812269,5.2612143934342415,-1.7798730826143996,-2.7171197537877747,1.4261792484668483,-1.280676530130906,-2.226151141469042,3.207962503480372,-1.2081078086533077,4.275173582785724,-3.717213187124332,-2.3101788659551126,-1.0534679510924443,-1.7142876662291915,-0.6406580504851757,4.319637450037474,0.9221676328684285,-4.5504495792042405,-6.832812684648007,-1.5942083461692536,6.512091218451589,-1.3671369741168728,-3.754065620769467,-1.5863843005027223,-3.2387207008476624,1.0348787833408717,1.2901616065170758,-4.026727731430093,-4.410367740737978,-6.7725501904578636,1.54198863328183,-1.8862067200238017,36.16665659622757,-0.4360046982765198,0.19490201771259308,-0.08439233899116516,0.3571205139160156,-0.2882803976535797,0.5150910019874573,0.20842015743255615,0.2545534074306488,0.313153475522995,0.08917208760976791,0.06738883256912231,0.7633642554283142,-0.5819500684738159,0.266504168510437,-0.09865064173936844,-0.49713748693466187,-199.15000302113174,15853
22,-1.0194262750448138,-3.8785522018965812,-7.245003541807341,-5.145441008249075,-0.5238177334991213,10.733621893852625,-3.0550955124662993,-6.181347917633523,9.610094037618342,13.457651451838377,9.931437470989803,9.358538297397402,-3.1037924976100797,15.586693339750937,5.034851512255015,-2.725577563798783,-3.9234545532192,-6.890449111991698,-1.4194505088860052,1.8722809008374373,4.082897183872067,-10.0213890335596,-2.8258293689907377,-11.483100366800901,5.164866794676467,-3.98055170071631,-10.876040185792943,-0.22777657809098106,-3.132511159706214,6.9462579214559765,-2.381784031697885,-7.761450729109115,-1.8619727411612055,-3.96376363648316,-2.975055789659017,1.0579618879884587,6.854549450682678,-3.7648624565796007,5.477425179352895,1.2604190127018924,-3.1476666751280304,2.986455826706588,-5.136273791975215,-1.2652068850994738,-0.8626902883417151,-2.2217934579480128,-1.5556481369579551,3.0300964914663213,3.4478182126117565,-9.184041467658439,-15.295949142221291,4.683434209501779,5.300105481639804,-5.467959951645716,-0.603528315009896,-2.482994001873939,-3.3783280966961593,5.018273464692173,-2.3503635901911335,0.24126626190976952,-4.362650738852351,6.129143745623788,-1.0817814877259748,-4.6474066252762185,-34.71148622792816,-0.09219253063201904,-0.05560638755559921,0.09784991294145584,0.14583690464496613,-0.02081853337585926,0.3340294361114502,0.021222015842795372,-0.08558060228824615,0.020191360265016556,-0.042089927941560745,-0.08579785376787186,0.3003174066543579,-0.24538709223270416,-0.20096606016159058,-0.11303132027387619,0.21937435865402222,-103.62008084565485,26744
23,-0.49989843161936315,-9.864040029682464,-2.326329061990667,-10.927868710227074,0.23711132302919857,-2.745524162384575,3.66339984784309,-1.4730005980273555,-14.273616169953264,8.52420369134009,-2.340305027767714,1.3723291727231097,-3.8384077387077196,5.890659696936116,3.452962142957022,-4.331730557893375,-15.032927350703362,-3.8919872700525824,0.02868184158349099,6.221898361527029,-2.4383447215013696,-3.4071114929649045,-6.967624564918782,-1.084292559628106,-2.244020726844023,-8.76355126244144,-4.796733891178958,3.6646850958590886,-1.3697283304699854,-3.806223940509973,5.452090314516499,-13.353202670677799,-0.12873568077636785,-12.526721628044497,-5.881478715017525,-6.722921829732007,4.97364240495067,4.972822716411825,4.133009569834805,-2.3045039916971413,-4.214232078032869,-2.4794694707919387,0.04974901999896253,2.247434950881117,-10.929940177410954,1.480827086401844,20.47302171374799,3.8016048121285517,-4.654752998172028,-13.884481810049227,-6.40524961669765,5.364577119608642,1.8908859601959382,0.9017043005685502,0.07814243779382885,3.526947821355302,3.87687377950484,-1.967638083114304,-5.403489791119729,-0.6087084485983807,10.48948440825095,4.199244064678505,-0.7459083843906985,-4.940973622710506,29.453580625155524,-0.40177491307258606,-0.22817033529281616,-0.06559550762176514,0.29522833228111267,-0.34579750895500183,0.5213858485221863,0.3238530158996582,0.42731973528862,0.3781353831291199,-0.3125024437904358,0.0483471043407917,0.7819626331329346,-0.25954726338386536,0.5021889209747314,-0.08893204480409622,-0.2968294322490692,-189.77538066861504,7792
24,4.2948637571935535,-5.343545001888756,-5.059429458420634,-1.05656267828312,-3.5372319081945647,4.241470372842409,2.111059835133717,-3.958836606522496,0.6578570231237303,11.584998336496588,7.53483150863333,6.289097578203601,2.8288376212215276,3.697213232731808,1.7711791794267013,-6.0413613739391465,2.7055365576244923,-2.1876340156905525,-0.05577975515155931,-4.268367799573097,-0.5299454566525883,-1.8952286157717761,-3.3727847309461936,-7.718097924887201,2.0577718735930106,1.0011941437098977,-0.5746812559937613,4.835459277389854,-5.116111370354325,1.643608977308028,-4.413438162093843,-5.402225180752842,-4.385503851340916,1.3566012583359353,1.7913263227645277,-0.34766879645000237,0.7928702420740958,-4.262566511955784,-0.8128625452978684,2.0757231550735433,1.001688249585456,8.14434104613858,-4.425551757972688,-0.08891633634891377,-1.9718247359828494,-2.0196842099146775,-3.6216824215041017,6.9286596619062335,2.544768815446944,-2.4917432561626507,-10.506265528276733,-1.6349249587247363,6.122633713164265,-3.282568107322606,3.6782184004751466,-1.279167508359864,-2.526004198808957,2.743376708049241,0.1206046054035903,-4.872080858076229,-2.2260300133485518,-4.5204553425983125,3.0201712079207628,-5.24456027546789,-55.92087580231138,0.022649534046649933,0.18135516345500946,0.16117244958877563,0.06588958203792572,-0.07824704796075821,0.1533745974302292,0.10978430509567261,-0.05401820316910744,-0.0654851496219635,0.24550312757492065,0.24159058928489685,0.28242364525794983,-0.22971734404563904,-0.26567140221595764,0.07451857626438141,0.20134064555168152,-226.77626274069343,3114
25,-3.553616139030758,-6.663834543335915,0.9162638104877332,-6.120716922978522,-2.0191742370842523,-0.18184613997450488,2.7396803719124323,-5.433521938819073,-6.092387862587505,1.816087282640988,-3.5359390995011264,0.38393060209043495,0.5089681059814863,-2.43137747942548,-4.230487160302269,-0.45470168105821274,2.0621714618658475,-0.9153285888102525,-4.141978517127396,0.6166500281560232,-0.21122568241270123,1.4723133549673357,-0.6188414808592976,-0.7668195531434763,-1.9112973628137633,-1.8955644066771526,-0.30646617861686853,1.1883047076939823,-2.7007306629659933,2.779153462154795,0.053664094472558044,-7.903441923136434,-1.1673664765599938,-4.700590984610455,-2.434106765815544,-3.041310436670369,4.30406243704871,1.1730794972426328,0.6383263362536487,-1.474734157873205,3.0167978493346346,-0.5181914446790215,-1.6447607998261713,-1.6225195972845592,-3.1542941611366615,-3.93471972081899,7.666441253181652,4.248054102560752,-0.12306701319383098,0.3776280888696412,-5.625293998912511,-0.43771578178086656,4.635195415814527,2.2022379614203684,-0.719761512028085,-0.5050397852188295,5.61388309743159,-1.948768869168418,1.7205636740476133,1.7042617583349486,2.4692731643714163,0.024584307843075637,-0.6975872657784384,-1.1402962986820127,124.9608917571637,-0.19658952951431274,-0.06779656559228897,0.029011204838752747,0.20905239880084991,-0.04358544573187828,0.35006746649742126,0.27464666962623596,-0.00856701098382473,0.10529568791389465,0.2954031229019165,0.2403540015220642,0.49984559416770935,-0.12181130796670914,-0.1451587677001953,-0.19278106093406677,0.05115266516804695,-172.5117324728509,34900
26,-2.88144878734064,-6.484044058822597,-6.839684065198753,-9.108819525956626,1.210908427449159,5.291007308808662,-7.2351989243912,-0.9271994073867955,13.209811804523687,8.233884257751242,11.023747050826831,13.503253730547602,3.3165841930353186,16.978386078785086,4.197947741311324,-9.663628256359397,-5.015355659885302,-0.15798899488059076,-1.0693263327027815,3.1718410775191277,3.505581340799804,-1.4761392731408205,6.036998037232929,-9.66477068905343,2.1572309461983594,0.3956393731222756,-8.4645428229592,-3.3511012967852265,-2.9925258511629074,3.043522208486554,-2.126295389831802,-7.513127248130334,-9.29938095047547,1.5691030156571832,-3.0331990719763917,9.690493591783493,4.489479976327429,-8.636792568459505,-2.3825971056734425,-0.021241362325403135,-6.5021441024350395,5.716262338457808,-4.176912059625245,-0.10742317567867032,4.0012316950518665,-1.8995184282714814,0.7720169981466258,3.4344478913947145,3.425083251486497,-13.796868972421633,-20.517382890463796,-0.948473629881754,12.56267574668107,-6.435130203244384,2.420990398184766,-10.338500160055922,-4.365511623596485,1.634705227925124,-2.3097590265771792,-1.4916336626263396,-3.6043474818812906,5.4253918086914386,-2.5568808296350363,-5.190604867623619,-126.0161498760358,0.03497892618179321,0.08955901861190796,-0.0654759481549263,0.009937332943081856,0.1970883160829544,0.31835702061653137,0.0480157732963562,0.12960588932037354,0.20921021699905396,-0.0903184562921524,-0.24112188816070557,0.20384199917316437,-0.4680056869983673,0.2833556532859802,0.10970916599035263,0.10013022273778915,-212.7241966934659,23187
27,11.02236637509785,-18.923212013149435,-10.823807033163252,-16.616064084631038,3.9111938022225194,3.7778823775896173,-3.40530435677178,-12.780164186065818,3.5756732267464817,15.631572103187482,22.07077383868463,14.165591526590191,-1.7482530969518508,15.583432177442454,9.962909981563511,-7.595608440128958,-3.653594348423891,4.440211200149848,-2.6053970532640793,1.2003533799787844,4.689486628849681,-4.739066996586176,11.650402352320775,-11.519645084272724,4.742984603748686,-4.384302404728302,7.36448584305122,-6.931316015865173,-8.074748728829066,0.38627715746249675,-7.304192773657475,-5.098147069065301,-10.751058055485654,-1.9119742425125201,-8.210292787906505,2.074170543852324,-0.2706550780178574,-7.80638811441693,-2.7036820984133,-5.817775775755691,-11.632360505558664,6.615998496326813,-4.21255026425653,-5.412862932500718,-0.9827936788483721,-7.858587864017598,8.222583999044078,6.492022041613521,3.1543128705539996,-10.259183646552962,-23.286138143931026,-6.697056723613432,14.184519686099776,-1.1137413994963308,7.539708163587555,-1.542123313994428,-11.613720843538244,8.12886660843942,-7.055348063881906,-2.0413160428923236,0.1556707909516667,11.921380819077001,-8.307065162954993,-0.46410353466984633,3.895860610938911,-0.11160624772310257,0.05921974405646324,0.04438115283846855,0.16978000104427338,0.20301507413387299,0.26406121253967285,0.03402647376060486,-0.07033641636371613,0.19276882708072662,-0.14793455600738525,-0.002272501355037093,0.16129015386104584,-0.28271159529685974,-0.046950627118349075,-0.006626639515161514,0.20855653285980225,-4.941620230953447,20353
28,-3.7923659465970254,-5.672587567517505,-6.591039286204444,-9.336615472441977,2.658055744939564,8.96976135081897,-4.288726084394517,-0.2189564510121017,10.21215055355563,10.058397706703438,12.86598745346426,13.12464166104223,2.9159515161296534,14.347268655382825,3.9331775564004063,-8.40259020725414,-5.1296220660149725,0.2862500464864638,1.141952555242451,4.263016638934263,5.2272035438634035,-3.1290269514867073,5.53815628177128,-8.79915684741517,3.914422184628921,1.3462521230243363,-6.615759984817909,-2.6624470454018585,-4.828813664398724,4.443372758728689,-4.7968618285007025,-9.974215645641426,-7.299584502085444,2.7263735870578296,-5.425447059076965,10.47925376625458,3.5694203727669085,-8.356637890575676,1.0320766433930093,0.1812592759950682,-7.0517461194793425,7.158200134455921,-4.264275807809876,-2.3244870997517912,5.29913416874497,0.6380680211672406,1.8437275637913482,5.663962039162402,2.132767192124492,-13.288835747879206,-20.382306991380613,-0.8880425876704212,14.851321880644393,-6.75725298338624,2.540809095000656,-7.987064321623044,-4.949031439476412,2.195877411057157,-0.6862722581657574,-4.314104860840456,-4.030883794945147,6.7020968855377365,-0.46866605755638147,-4.057028051984736,-232.3301087542786,-0.0048053269274532795,0.1642671376466751,-0.19108445942401886,-0.16276028752326965,0.34591349959373474,-0.057786908000707626,-0.04799637943506241,-0.11342627555131912,0.19505542516708374,0.22294260561466217,-0.3803889751434326,0.13940152525901794,-0.3064568042755127,0.24278534948825836,0.0058067236095666885,-0.037576787173748016,-255.87167421169318,31971
29,8.826407588717018,-18.648537108390546,-10.358735849589785,-17.059371836053092,4.832142823026856,4.25313273548825,-3.3187782368696346,-13.401963269664899,4.171419935772487,14.250850704229341,21.649416702527475,13.25423995779015,-2.279132198268232,16.497335229680324,9.339625056436521,-8.771671927936511,-2.7388518365729864,3.700318082722652,-5.137900485973201,0.8222949051808435,2.9118335316330217,-2.544650749451657,12.134738538414473,-12.361163129648599,4.60474488466834,-2.8962016960179398,6.41549337028818,-7.733781320997823,-7.503586461126373,-0.6565144100349072,-8.813736428314984,-5.6616296679863005,-9.532148135829537,-1.549325001702614,-9.608773864882812,1.5626681037245513,0.9725930005659686,-9.041506166931985,-2.2501112322801546,-5.938744228518231,-10.6197295852032,6.795402448017459,-4.146986034950544,-4.453503433349052,-0.22220258509425223,-7.486002029072408,7.12295618766204,6.252808557699377,3.6054852635790176,-11.766984190250668,-22.863103336825453,-4.914072946262721,12.27337315912854,-1.8851775532372408,9.141279671030698,-1.427974492810221,-11.54932714452203,9.339628073361103,-8.693965391866538,-1.8395647341536283,0.8870555377963881,11.869188091900023,-7.220354232417496,-1.24905859558123,-219.93339551471564,-0.08341637998819351,-0.08314957469701767,-0.10914698988199234,0.29403212666511536,-0.012444863095879555,0.2837959825992584,-0.1394263058900833,-0.21384401619434357,0.19227930903434753,0.1366502046585083,0.05572332814335823,0.18840840458869934,-0.3619934916496277,-0.12497860193252563,-0.018967565149068832,0.10891544818878174,-240.56225609454765,17970
30,-1.192508002486588,-4.127989180663212,-3.9329210809219948,-4.77530008803294,-3.608180359364495,13.020522938150293,-1.614421965195343,-4.234860675324529,12.990970280858322,12.230854222812795,10.942296882739768,11.525351541415914,1.6378859678527729,15.974833867320992,6.08977332797661,-8.321242760840766,-7.162588903121883,-6.078344708006704,-0.07359518613279414,2.8389444793382212,4.363416087235705,-4.212284342597507,2.735721090962122,-8.426104560402422,1.1079754885417343,-4.966665912379696,-11.961867904780782,-2.6006059992457504,-3.7843651008678973,4.060506140849696,-6.344369640632592,-9.008178757246403,-4.464002927169984,-0.003046496000258303,-3.3630959958992617,6.874651174793544,7.0939151075431806,-6.672142938705692,-1.7101991948158977,-1.016201989476106,-7.058134015680266,3.524152974312311,-5.315871288279677,-2.7905095375242586,2.4840104678790937,-1.9574136450828896,1.089268559544156,6.040643336807268,1.6649774736495853,-8.797098234343405,-19.98656081779892,0.16392461068687225,7.460983919038476,-8.70557693607749,-0.05154572757615661,-4.036063535801645,-1.9514426678251846,2.1923205999482436,-2.372400050525301,-3.1254980397990515,-5.863888263092004,1.7603126923531218,1.995700186194826,-5.189444777759915,-185.06644881229812,-0.3392760753631592,0.15517958998680115,-0.032136984169483185,0.08648445457220078,0.09560132026672363,0.3555159270763397,0.11860157549381256,0.13101188838481903,0.37354522943496704,0.08055412769317627,0.14798061549663544,0.44449836015701294,-0.2273833453655243,-0.2831881642341614,0.09655341506004333,0.08711790293455124,-265.51993464368945,1038
31,-0.23540766132499907,-2.9256089666013643,-3.9499505571781786,-4.860444772990076,-1.463292334572764,11.466154236695115,-3.5688115028753824,-4.731024226465428,15.400630050084377,12.096323063469262,11.750537881566732,11.022782095962464,1.6317666251015988,15.765196258144526,7.835923265888495,-9.033613929180474,-6.116181874436467,-5.72366248765677,-0.40272150838872933,2.655354820761005,4.693284055325476,-7.151715301937514,0.4351323074216422,-7.342962927147173,1.9215641891904398,-1.0279952076980505,-11.13172750889049,-0.9205658138065058,-5.384871047681603,3.2875415925685676,-3.245322594721616,-9.861454061306286,-4.652975382392166,1.967978490464004,-7.065567854601763,7.991004545844425,6.23773305968728,-7.081660774263548,0.21443813032704,0.8248431873658518,-7.9212520074235035,2.6730284102590938,-5.278821368165684,-2.8071151341009153,3.558327957398941,-2.1024861833156305,1.6407913578113569,4.102945106901075,0.6355884201347819,-8.549418912371904,-19.614788122462723,1.156193181460861,10.037804371879181,-9.744305793770978,-0.6816601093670778,-4.617328651534646,-3.064453788342794,3.2829008921208587,-3.0940322335240174,-1.4921633252668027,-4.888170456479148,2.5729091668789774,1.2603244448216326,-4.373017039835994,-239.57257090303358,-0.2037355601787567,0.14413416385650635,-0.2977045476436615,0.003051174571737647,0.3225051164627075,0.24142266809940338,0.13117538392543793,0.16521137952804565,0.41019508242607117,0.003069981699809432,-0.22523438930511475,0.2402605414390564,-0.5257572531700134,0.2843690514564514,-0.1274392157793045,-0.04953129217028618,-281.8717712709101,48533
32,-0.742460840444758,-4.910669888653736,-6.075267574935349,-5.740324577977676,-2.4030893359846486,10.975302624183158,-4.091215238988377,-4.626118756162864,11.916929318925385,13.738294491244796,9.911474431939041,12.520156320195742,3.3292183606829147,18.663880173871004,6.722073692286224,-7.4867460880843115,-6.9511095762555035,-3.739296275474101,0.5090036250465252,4.44275314115608,4.106124580171913,-4.392608618999874,1.4171433469807346,-9.574507471567548,2.7849003997726944,1.73538862092023,-11.084983837471981,-2.1383643779068406,-3.594282811008428,4.109018393340051,-5.9891454040124925,-9.744429848230045,-8.158931792186703,2.6323955840043185,-4.863815906218972,7.3488909267775675,7.999839256229161,-9.389064560145723,-1.3736682392027109,-0.8773312990333774,-5.592176018278542,4.043282301879588,-6.203575822790172,-2.8490912396974264,3.728893627044382,-2.7053532000517793,1.5038231150071708,4.4598123931329585,2.7468683661974245,-10.11253423792829,-20.708435176471735,0.9861445367113588,10.180921620029707,-8.16931429146622,1.7549016135868127,-4.682319161964941,-4.101595049499633,1.583066599987681,-2.507411734312951,-3.142185235200141,-4.545899357841427,4.25026020606823,0.17047329995695953,-6.338436163539244,-255.49884523901494,-0.04468230903148651,-0.03973124548792839,0.026138169690966606,0.07335644960403442,0.320540189743042,0.39647045731544495,0.10614743828773499,0.11791907250881195,0.18976449966430664,-0.19426916539669037,-0.2541630268096924,0.011353719979524612,-0.5221958160400391,0.10791796445846558,-0.1148349717259407,0.3276118338108063,-286.6496535717045,34793
33,-0.3569941486682,-11.753820590597952,-2.960439528726289,-12.621668614395245,-0.24407666226623648,-4.291228721060617,2.787508489659277,-0.4677289596897539,-12.712103366344497,5.2219595167413475,-2.2219664229277174,1.0910624603639272,-3.88681670716567,7.051930640198501,0.5232945593647561,-3.2768134892968366,-12.54176308191714,-2.754964182592335,0.6498175783682641,4.372246559905157,-2.960259261486614,-2.9889751868770804,-7.251549609158332,-0.27671481116687274,-1.753856249721801,-10.169748694315382,-5.449993972002208,2.571520277068326,-2.469256249110893,-3.1140866697643927,5.8422109528992925,-12.456474031177933,0.36510705116117764,-13.783531360683162,-5.058373315296433,-6.89203756151658,3.7456910236243357,5.007681359322713,4.118870287402915,-3.8390762386314963,-4.613939575839719,-2.669963677179399,-0.27189228462405823,2.167094855135488,-10.57688848611685,1.3253152925144387,20.420411287582827,3.584491619418843,-3.597447085634426,-12.631089416140643,-6.352461613708114,4.9601033635130385,1.9444150378221907,1.3717373858755142,0.6144195769966565,3.18255086746255,4.679523950872807,0.9274353811413705,-4.557496393475673,-1.3308061872874617,9.064327410328422,4.307854976807153,0.3775913689783846,-5.980957124431407,241.5900030541843,-0.10121912509202957,-0.3111359775066376,-0.2707262635231018,0.14582528173923492,-0.04015231132507324,0.27757105231285095,-0.161119744181633,-0.18345102667808533,0.050543155521154404,-0.0854361280798912,-0.14497698843479156,0.33667853474617004,-0.11189272254705429,-0.011479949578642845,-0.05517105758190155,0.30110201239585876,-118.17301376837578,1889
34,1.4425901282164888,-11.440302034882992,-5.488002677082272,-13.174881379520254,-0.12647148481672676,9.067661150453672,-7.326026970140839,-4.161732931365387,10.860232197957352,12.395933750875482,15.36969452124979,12.119289842983601,-1.1195672153903549,15.861076871456149,14.82564180390944,-8.852974658803118,-7.913974644218236,3.283668116078986,-0.9409896506626226,1.9475636101640807,4.776105175996924,-4.692568988831981,6.446864253389029,-10.262409681096555,3.687262272443339,-2.70926886335808,1.5882921856934658,-3.3176620036392643,-7.887704965336599,4.3065828029291895,-6.15183595544812,-9.770659742517097,-8.471706455595555,-0.5042498043340492,-7.5927416961060565,2.845231726270408,1.5856199369981678,-8.626786567078828,-0.8702426713428617,-2.284152153719737,-5.290226893105288,4.261593503169192,-4.844018034456041,-3.4529749181123153,0.7564446476456173,-9.154895604760533,4.411562917522145,6.347249969935885,1.7652232027865917,-15.975601893025576,-22.76265111802682,-3.8566538700001614,10.655618137033791,-0.40489117922907336,3.6643626705278955,-6.131452157619892,-10.855197858627617,3.5095350152999414,-3.083663697535349,-6.347254553358146,-6.027309621513869,9.561161637091828,-6.655539007525829,-2.113748886945621,-25.08978356646668,-0.07336502522230148,0.0221035648137331,-0.0023064124397933483,0.13784058392047882,0.17817869782447815,0.1681947112083435,-0.05008603259921074,-0.08763314038515091,0.1303609162569046,-0.10172886401414871,0.051885273307561874,0.25758612155914307,-0.21688686311244965,-0.09599357098340988,0.09129783511161804,0.22942815721035004,-166.31826269517236,17010
35,6.913959632971763,-17.071231496164838,-12.505542099569121,-18.408639694660863,-0.6381640179229994,6.038527174474568,-5.813567541822517,-11.742227021224682,4.783862846610052,15.198039843237572,20.504414265571462,13.79362945164691,-0.5512065880094896,13.760794968641527,15.220070450228322,-11.432226698552224,-5.894350206754845,5.742947116399581,0.1224464391721014,-2.953115537442072,7.6217620885300095,-4.920001271595547,11.422782175620942,-8.02706768174894,5.747633539225513,-1.0411542762042183,5.298147696804612,-5.898128772860668,-9.371826771142288,4.320217988862614,-6.79485757478742,-8.104772025930437,-8.576588101040777,0.4192997805197861,-5.423452295608231,1.014092376679871,1.9079302697011293,-10.104130989909653,-4.142362488701211,-5.255270443277148,-8.235665159312573,5.670062304011746,-6.845879686238108,-6.394731262723757,1.2787626370438203,-8.774842923671587,6.578087425216703,7.281157718654743,2.8779295615262965,-13.034079395381903,-22.03459251976948,-3.269940629350438,12.336810177739533,0.32433266436016195,6.116651806907512,-1.263990577029886,-13.41934288968452,6.76101541128201,-4.814181724438341,-5.213534616424492,-3.7089865520403427,13.465990108872631,-8.17920586954567,-0.7594795488803259,-262.3260811742224,0.06962156295776367,0.0577961727976799,-0.2245493233203888,0.17373713850975037,0.003741466673091054,0.1450594961643219,-0.18101590871810913,-0.2602498531341553,0.2307320088148117,0.105952188372612,-0.026885824277997017,0.23193922638893127,-0.21614046394824982,-0.1904096156358719,0.0003048386424779892,0.06502864509820938,-274.90407268196964,9215
36,3.070294392140603,-13.519327238125387,-7.552838600270874,-12.542644665961582,0.6054376300987312,6.94361996668237,-6.635448453190352,-7.535409588722007,11.492025257876309,11.008520305794592,16.38042255474805,11.485557704863975,-0.7946108390112703,14.61176905113135,16.564855655966568,-9.191088131894102,-7.747857583164614,3.8829149787848736,-0.2148863557103285,2.056120006254942,4.886530379670575,-4.388486123217523,7.153693942954416,-8.508762419211083,4.137600510121956,-1.9081054882807738,2.253621516974543,-5.584880260722919,-8.926270587352079,2.8909744788887153,-6.092669388907735,-8.809569407056959,-8.856671715341445,0.8675845178399877,-8.079852496991093,1.906885110249874,0.3003535607189203,-10.49565793055919,-1.4209576339505474,-3.1031014556054872,-5.605707955227321,6.646166771785767,-2.398419543861935,-5.03439788582352,0.8304457438120745,-6.031866398662973,5.255722546702808,6.458846802066946,2.2860800332574933,-15.239369326872081,-23.600647241934322,-4.197932263862658,9.595853889034984,0.32133705275366475,2.972097114310022,-5.435536572698045,-11.386323149653979,3.125430869976375,-1.6524892164299565,-3.7484540059761584,-5.390001774342167,13.276347406906677,-6.460240689328094,-3.1481378199323298,-267.8588638580877,0.09214074164628983,0.046224530786275864,-0.05094287544488907,-0.007908402942121029,0.21499791741371155,0.044983942061662674,-0.042645085602998734,-0.18621866405010223,0.2312241941690445,-0.12946748733520508,0.022806748747825623,0.14175817370414734,-0.33572062849998474,0.2289106398820877,0.2294134497642517,0.0124202910810709,-290.3576591574263,40211
37,-0.7417992174218591,-10.662176081755932,-2.9136741517655684,-12.00789544108244,0.05481859004930206,-3.4373466825827546,3.814475967460601,-0.2937551109953155,-12.45544852895106,6.594517755200063,-1.5281911336066645,1.5426345130820214,-3.3102190912565983,6.5103252637496345,0.40038890546058414,-3.4627138919453007,-13.486155466374209,-3.1362294409339064,0.510370328110376,4.892569956430108,-2.8582270270132963,-3.540233476706338,-6.072092500296128,-0.2317825350385857,-1.8445306975295588,-9.21664014478058,-4.500468178173619,2.5339063543740394,-2.8090799752025677,-3.410331571595242,5.96951305008368,-12.682832084119742,0.1421632302908454,-13.596433002922712,-5.764653518013608,-6.753078829196818,4.083424025959077,5.741120681982566,3.711164145174377,-2.853165952409205,-3.9045281082032215,-3.530491768376607,-0.32291550979713846,1.4801158528625287,-10.935616484542084,1.3611060428873194,19.875053736869628,3.3911936110225303,-2.725020276930585,-12.901086955736345,-6.377381746604938,4.459968828477632,2.232166235865448,-0.18412323968448174,0.5283603889648596,2.8027240811136704,4.674800550477733,0.08129611337377693,-5.21366319432629,-1.9941450376589884,8.684473555676341,5.1957005496989535,1.1589801876295418,-5.3232222711313755,95.31665922313194,-0.09098968654870987,0.0620063915848732,0.15968404710292816,0.21195459365844727,0.012673837132751942,0.1332756131887436,0.25746673345565796,-0.14364555478096008,0.025278188288211823,-0.21502184867858887,-0.05409066751599312,0.5100401639938354,-0.3278568983078003,0.0801549106836319,0.0879003033041954,-0.31104734539985657,-143.0060684084106,9950
38,0.40966261561067896,-10.199963106217776,-3.1576195222204086,-11.603185558247336,-0.1889346731980555,-3.356254147468329,2.9587319333430506,-0.5292452642235331,-13.322514758394252,6.774335446690011,-1.8188880712525144,0.886785885788448,-3.624224503232521,5.87699558762171,1.4530197286625213,-2.937341807284693,-13.640132732552248,-2.444179356374014,-0.24637387089203155,3.5664956169304673,-2.3578696078345964,-4.269293163414823,-6.969090939312814,0.23775064898646003,-1.7629159544164055,-9.846760033411547,-4.392688156134761,2.236154381590617,-1.4515036384679352,-3.511159947337937,5.845959741143549,-13.238498595532711,-0.06019637352658659,-12.325027583408255,-5.635446580993806,-6.720884206236548,3.5740043014180163,5.506584546368567,3.688105480385365,-3.147038449952065,-3.119349314946613,-2.397885961721972,-0.6353313163522725,3.081164572568338,-11.49049678529735,1.3162414526604265,20.685593413423128,5.255097322659897,-3.6871439313534524,-13.934270749233267,-5.19073865809826,4.0376030769645865,1.5214080684404967,1.0125641003063561,0.5223999357783842,3.4080050694882833,5.04787481002563,-1.2647883435880785,-5.4155203225953,-3.0108565167831323,9.238578516689103,5.350807350170799,1.1778323756201183,-6.594112319158982,-32.65324954936159,0.3260359466075897,0.26192623376846313,-0.06881985068321228,0.22750476002693176,-0.17764157056808472,0.6098282933235168,-0.00968631636351347,-0.17954403162002563,0.22055689990520477,-0.16438093781471252,-0.06166466698050499,0.4173884093761444,-0.28636080026626587,0.00827821809798479,0.047971177846193314,0.22848081588745117,-219.79597486480847,24972
39,-0.47527321192371885,-10.380218448405694,-3.9277077126058693,-11.829773434791525,-0.6184411139850399,-2.504470021780581,2.5147299835807733,-0.27810755868285814,-12.156984251848233,6.21024333549433,-1.4325994335610854,1.5668877263671486,-3.672419229427125,5.399384496864195,-0.06501541580110681,-3.709096664850841,-14.110208170314303,-3.284595431859198,-0.6354854889327002,3.7309738024563965,-2.7205301703186695,-4.616358812482385,-7.71504421922414,-0.6359186969784112,-2.2335169521358185,-9.659277955149529,-5.229866178202123,3.4814111178138205,-1.3481933754201287,-3.182365212863789,3.9435176289243943,-13.358744342740382,0.11639105512414578,-13.928228553649278,-6.202938524882866,-7.296761596029576,3.417864983427516,5.154270527121085,4.231536038081164,-2.4990574468103173,-3.988902881128502,-2.4772649102568747,-0.19812493457094132,2.4775449081817733,-11.953753257534267,1.7500197936512307,20.37644247800145,3.4031320842720856,-3.164353438889973,-12.967175670088983,-7.123104952949007,4.227309548550138,2.787921978180666,0.2737086851748034,0.5904164780705128,3.5803463324479736,5.090437484026365,-1.6000084431425514,-5.040523967243934,-1.877895888269821,10.467828574884322,4.4228238998002,1.966915812743936,-5.977989276075457,-69.79930772737838,0.21175485849380493,0.17488589882850647,-0.1701364368200302,0.26197823882102966,-0.12991298735141754,0.3909861743450165,0.14808619022369385,-0.2904447317123413,0.02201775275170803,-0.11161299049854279,-0.13194353878498077,0.380063533782959,-0.3319211006164551,-0.1108677089214325,0.04530166834592819,0.42848435044288635,-230.9397923182135,29217
40,-0.7051730458539697,-10.721310734395136,-4.041524492798563,-11.522326989274166,0.7633586466402016,-3.333026165936112,2.9483196842254222,-0.7209788808311132,-13.171336732852142,7.755644942356922,-1.669290529994746,1.1354466275066257,-4.5265811104698,5.869108752668768,2.653222167610512,-4.674367909675207,-14.656483972731715,-4.038009221193512,0.4309629889562051,4.4582464463700475,-2.7688458650435943,-4.631868512541998,-7.105272824098769,0.9650504470029921,-2.106340791741836,-9.382305668032046,-5.533909182384144,2.2063983652639525,-1.314584694366477,-3.6061610446870143,5.136047149558283,-12.065170583018482,1.0020681593888654,-12.254143866880764,-5.645212692641438,-6.801916651479025,4.445532999524126,6.339435855183067,5.079171634143063,-2.951470615154987,-3.445149749666313,-3.585057607707452,-0.036051201115131715,2.6094245564099867,-12.65456535647444,0.9053073333598116,20.79836764520637,2.8002464578520425,-4.104592567745139,-12.760548243295075,-5.840798794186021,4.506068629966996,2.1828712169892537,0.49670060910024827,0.6810657189141786,3.692624278458485,4.146094834362541,-0.9774351810177379,-5.972470972779805,0.27541191178364444,9.795491252791415,5.165081506660885,-0.7134266333108892,-5.472541435368811,73.7251006682528,0.037179287523031235,0.17389626801013947,-0.059944383800029755,0.1741083413362503,0.15364070236682892,-0.0008061638218350708,-0.05736865475773811,0.010487190447747707,0.40159615874290466,0.006750544533133507,0.17636148631572723,0.26429399847984314,-0.26513975858688354,0.1656160056591034,-0.02844308502972126,0.03648937866091728,-187.88246979952416,6876
