query_num,trial,method,alignment,regret,quality_avg,quality_max,quality_min,quality_median
0,0,CMA-ES,0.2932059432684175,0.023103177890377663,-0.25320559933054515,-0.08113702764713752,-0.6310744887858686,-0.1503054404445872
1,0,CMA-ES,0.40222192347933033,0.002257511768996079,-0.3065193788121252,-0.08113702764713752,-0.6940659917376344,-0.2254372479318645
2,0,CMA-ES,0.4721995579231413,0.01056187234788511,-0.251012870643949,-0.09174023080540909,-0.4345978428948292,-0.23885670443777884
3,0,CMA-ES,0.5225335509117135,0.01220597654114064,-0.15631467567081736,-0.08730707053091157,-0.23297318071566722,-0.15248922571834533
4,0,CMA-ES,0.5465635123933131,0.0,-0.23467106810517394,-0.08113702764713752,-0.6110562661267245,-0.12324548932341689
5,0,CMA-ES,0.5669429827880377,0.0,-0.1032995485539016,-0.08113702764713752,-0.15918390811592223,-0.08643862922627331
6,0,CMA-ES,0.5787284693421137,0.01220597654114064,-0.14444844841938798,-0.09174023080540909,-0.23297318071566722,-0.12654019107823777
7,0,CMA-ES,0.5582639940878208,0.002257511768996079,-0.12382843823356741,-0.08113702764713752,-0.23297318071566722,-0.09060177228573243
8,0,CMA-ES,0.5637219824398202,0.002257511768996079,-0.08841536059953595,-0.08730707053091157,-0.09174023080540909,-0.08730707053091157
9,0,CMA-ES,0.5542229571589772,0.0,-0.09118664733687414,-0.08730707053091157,-0.0983922174802643,-0.08952365066816033
10,0,CMA-ES,0.4965061765333336,0.023103177890377663,-0.10780005431428377,-0.08113702764713752,-0.14621561957294174,-0.10192378501852789
11,0,CMA-ES,0.5231732932741362,0.002257511768996079,-0.08618296481938603,-0.08113702764713752,-0.09174023080540909,-0.08592730041249877
12,0,CMA-ES,0.5435334036570335,0.002257511768996079,-0.10840396903519844,-0.09174023080540909,-0.1382918215976903,-0.10179191186884717
13,0,CMA-ES,0.581922932742438,0.002257511768996079,-0.09758884446842436,-0.08113702764713752,-0.11088826149854955,-0.0991650443640052
14,0,CMA-ES,0.5691580951339617,0.0,-0.08645961639745305,-0.08113702764713752,-0.09596264162953995,-0.08436939815656735
15,0,CMA-ES,0.586183985726362,0.0,-0.08556435571490205,-0.08113702764713752,-0.09855164178310996,-0.08128437671468033
16,0,CMA-ES,0.5936021394684197,0.0,-0.08275321290185243,-0.08113702764713752,-0.08730707053091157,-0.08128437671468033
17,0,CMA-ES,0.6016860262600554,0.0,-0.08294019119687143,-0.08113702764713752,-0.08760385224062031,-0.08150994244986395
18,0,CMA-ES,0.5972269495965783,0.0,-0.08485015880734241,-0.08113702764713752,-0.09174023080540909,-0.0832616883884115
19,0,CMA-ES,0.584031079676532,0.0,-0.08400200067385263,-0.08143172578222313,-0.08730707053091157,-0.08363460319113793
0,1,CMA-ES,0.32323645157934583,0.16191859295040292,-0.07412193494690913,0.08376303867968066,-0.23111332145396973,-0.07456872850667372
1,1,CMA-ES,0.23200758491624443,0.16191859295040292,0.02243808600354573,0.09689121448556867,-0.17466494783074707,0.08376303867968066
2,1,CMA-ES,0.12383537712740415,0.16191859295040292,0.040054826570952155,0.12617941532649019,-0.13169901216298452,0.08286945156015148
3,1,CMA-ES,0.06796487542098487,0.16191859295040292,0.0862691394210738,0.09707598965063978,0.08047449067429409,0.08376303867968066
4,1,CMA-ES,0.34022902770798863,0.16191859295040292,0.03096282988895158,0.1369871619292791,-0.05787038020315358,0.022367268914840404
5,1,CMA-ES,0.4945677854784863,0.03922395344893126,0.1027494785800917,0.13943748282869686,0.05259740512176855,0.1094815131849507
6,1,CMA-ES,0.5965307578850684,0.03922395344893126,0.08233430508660233,0.1369871619292791,0.010280635048246297,0.091034711684442
7,1,CMA-ES,0.5966851215956444,0.03922395344893126,0.09177830080708407,0.13868854098299685,-0.0070081661169434355,0.11771641418114144
8,1,CMA-ES,0.6018748630940667,0.03922395344893126,0.1163023328661647,0.13943748282869686,0.07063516959665887,0.12756833951965152
9,1,CMA-ES,0.6478147641380698,0.03922395344893126,0.1224636085699659,0.13943748282869686,0.09876729889351492,0.1258248262788259
10,1,CMA-ES,0.6630321536064614,0.03922395344893126,0.13514187969313185,0.13868854098299685,0.12450189582353682,0.13868854098299685
11,1,CMA-ES,0.567792300455952,0.03922395344893126,0.12238755370267429,0.13943748282869686,0.09846307942434848,0.1258248262788259
12,1,CMA-ES,0.5093538136613562,0.03922395344893126,0.1349037703911274,0.13943748282869686,0.12450189582353682,0.13783785145613797
13,1,CMA-ES,0.5070741701917018,0.03922395344893126,0.13887577644442184,0.13943748282869686,0.13868854098299685,0.13868854098299685
14,1,CMA-ES,0.5340927530009209,0.03922395344893126,0.12858501249139492,0.13818850158439105,0.11466249062837275,0.13074452887640797
15,1,CMA-ES,0.5606954260887865,0.03922395344893126,0.13551635061598186,0.13943748282869686,0.12450189582353682,0.13906301190584686
16,1,CMA-ES,0.5816967276728449,0.03922395344893126,0.1347165349297024,0.13868854098299685,0.12450189582353682,0.13783785145613797
17,1,CMA-ES,0.5823288389368219,0.03922395344893126,0.13786205039915628,0.13868854098299685,0.1369871619292791,0.13788624934217464
18,1,CMA-ES,0.5794505178198537,0.03922395344893126,0.13887577644442187,0.13943748282869686,0.13868854098299685,0.13868854098299685
19,1,CMA-ES,0.5826184602356336,0.03922395344893126,0.1391252375176204,0.13943748282869686,0.13818850158439105,0.13943748282869686
0,2,CMA-ES,-0.8271628130007702,0.01035053390724916,0.7009626302248996,0.7013350757076777,0.6998452937765652,0.7013350757076777
1,2,CMA-ES,-0.5237747368567577,0.01035053390724916,0.699647751560458,0.7013124692676356,0.6981414131486086,0.699568561912794
2,2,CMA-ES,-0.34935735008573704,0.01035053390724916,0.7002788115425664,0.7013350757076777,0.6991532647058872,0.7003134528783503
3,2,CMA-ES,-0.5510145195211075,0.01035053390724916,0.6988203461949174,0.6998452937765652,0.6981414131486086,0.6986473389272478
4,2,CMA-ES,-0.036216436032683146,0.0030476481380550258,0.6986819802630317,0.6992918300490228,0.6981414131486086,0.6986473389272478
5,2,CMA-ES,-0.42032453284100935,0.00800128582172488,0.6996131102246741,0.7013124692676356,0.6981414131486086,0.6994992792412262
6,2,CMA-ES,-0.15502743675414166,0.00800128582172488,0.6996930658463243,0.7013124692676356,0.6991532647058872,0.6991532647058872
7,2,CMA-ES,0.347607546290535,0.001423503692527639,0.6989695844881354,0.6992918300490228,0.6981414131486086,0.699222547377455
8,2,CMA-ES,0.020321962877080293,0.00800128582172488,0.6994803959027991,0.7013350757076777,0.6981414131486086,0.699222547377455
9,2,CMA-ES,-0.27856905795165915,0.00800128582172488,0.6991927916776954,0.7013350757076777,0.6981414131486086,0.6986473389272478
10,2,CMA-ES,-0.5559886331218442,0.009298359096749031,0.6994487757623082,0.7013124692676356,0.6980375390266871,0.699222547377455
11,2,CMA-ES,-0.402505183657691,0.00800128582172488,0.6992809576876904,0.6998452937765652,0.6981414131486086,0.699568561912794
12,2,CMA-ES,-0.45356004201407063,0.009298359096749031,0.7004518188102359,0.7013350757076777,0.6992918300490228,0.7005901847421214
13,2,CMA-ES,-0.42733054240203633,0.009298359096749031,0.6993638890893025,0.6995800662101411,0.6992918300490228,0.6992918300490228
14,2,CMA-ES,-0.4940837164068378,0.009298359096749031,0.6999121182084618,0.7013350757076777,0.6991532647058872,0.6995800662101411
15,2,CMA-ES,-0.5065500065460115,0.009298359096749031,0.7004424924996083,0.7013350757076777,0.699277131246555,0.7005788815221003
16,2,CMA-ES,-0.7327355936779298,0.009298359096749031,0.6993835460210711,0.7004546574049995,0.697942402853697,0.699568561912794
17,2,CMA-ES,-0.630084992604277,0.009298359096749031,0.7001206069018415,0.7013350757076777,0.6979669824154456,0.7005901847421214
18,2,CMA-ES,-0.6097704718129723,0.009298359096749031,0.700203207185182,0.7013350757076777,0.6988881525188599,0.7002948002570952
19,2,CMA-ES,-0.6029755142645536,0.009298359096749031,0.7003134528783503,0.7013350757076777,0.6992918300490228,0.7003134528783503
0,3,CMA-ES,0.13140804950859003,0.0,-0.9232810874984352,-0.8888776419564215,-0.9347489026791063,-0.9347489026791063
1,3,CMA-ES,0.12199268063149991,0.0,-0.9318097135897263,-0.9229921463215867,-0.9347489026791063,-0.9347489026791063
2,3,CMA-ES,0.09346232285848469,0.018878049875348024,-0.9121401970916535,-0.889204570308506,-0.9347489026791063,-0.912303657689501
3,3,CMA-ES,0.18603268303556303,0.0,-0.9178458086059582,-0.8888776419564215,-0.9347489026791063,-0.9238783448941525
4,3,CMA-ES,0.6179183226175132,0.018878049875348024,-0.9008358425088296,-0.8888776419564215,-0.9347489026791063,-0.8898584126998955
5,3,CMA-ES,0.010117592587070104,0.018878049875348024,-0.9091734147774375,-0.889204570308506,-0.9347489026791063,-0.906370093061069
6,3,CMA-ES,-0.015409532146079393,0.018878049875348024,-0.9088717232199508,-0.8888776419564215,-0.9347489026791063,-0.9059301741221376
7,3,CMA-ES,0.24210046017694495,0.018878049875348024,-0.9031824422095693,-0.889204570308506,-0.9347489026791063,-0.8943881479253327
8,3,CMA-ES,0.9637886520131729,0.0,-0.9273894729623713,-0.9053111838121659,-0.9347489026791063,-0.9347489026791063
9,3,CMA-ES,0.24037505279265775,0.018878049875348024,-0.9207880353928024,-0.9002250097872184,-0.9347489026791063,-0.9240891145524422
10,3,CMA-ES,0.2759776792620935,0.018878049875348024,-0.9328090719662578,-0.9275654041490737,-0.9347489026791063,-0.9344609905184258
11,3,CMA-ES,0.41116303864509685,0.0,-0.9246600491912236,-0.9130077871091989,-0.9347489026791063,-0.9254417534882946
12,3,CMA-ES,0.620246177723923,0.01793296161680069,-0.9299737093758749,-0.923494166048541,-0.9347489026791063,-0.930825884387926
13,3,CMA-ES,0.3383608720988352,0.0,-0.9258137982768783,-0.9130077871091989,-0.9347489026791063,-0.9277492516596039
14,3,CMA-ES,0.34633698246277617,0.0,-0.934604946598766,-0.9341730783577453,-0.9347489026791063,-0.9347489026791063
15,3,CMA-ES,0.3061174242275607,0.0,-0.9329989899242308,-0.9277492516596039,-0.9347489026791063,-0.9347489026791063
16,3,CMA-ES,0.3142696001150956,0.0,-0.9346057063104782,-0.934176117204594,-0.9347489026791063,-0.9347489026791063
17,3,CMA-ES,0.287443004600589,0.0,-0.9346057063104782,-0.934176117204594,-0.9347489026791063,-0.9347489026791063
18,3,CMA-ES,0.3060828905188545,0.0,-0.9344625099418501,-0.934176117204594,-0.9347489026791063,-0.9344625099418502
19,3,CMA-ES,0.29095018454379773,0.0,-0.9344833278909404,-0.9341730783577453,-0.9347489026791063,-0.9345056652634549
0,4,CMA-ES,0.6507777791911528,0.0,0.31305550200429877,0.5737498885457084,0.16293286676608534,0.25776962635270073
1,4,CMA-ES,0.6528165233909877,0.0,0.21410917758444334,0.5737498885457084,-0.07602039812276362,0.17935360995741428
2,4,CMA-ES,0.7455674772335487,0.0,0.38678684470793656,0.5515237602776876,0.16293286676608534,0.41634537589398674
3,4,CMA-ES,0.7383055747877649,0.0,0.4428486043660955,0.5737498885457084,0.16063664632776475,0.5185039412954544
4,4,CMA-ES,0.6902119908259868,0.0,0.516070726610576,0.5737498885457084,0.4439104377072278,0.5233112900946839
5,4,CMA-ES,0.6438233740559486,0.0,0.5269379905727645,0.5515237602776876,0.502229212751288,0.5269994946310412
6,4,CMA-ES,0.6584118512986972,0.0,0.549587289060898,0.5737498885457084,0.49932561887448784,0.5626368244116979
7,4,CMA-ES,0.6546045130383003,0.0,0.5450880889409058,0.5737498885457084,0.4603403834020143,0.5731310419079503
8,4,CMA-ES,0.6131619023021796,0.10124270967292959,0.5546239006109845,0.5737498885457084,0.5354979126762608,0.5546239006109845
9,4,CMA-ES,0.6365197009919726,0.0,0.5645601751232969,0.5737498885457084,0.539466421407095,0.572512195270192
10,4,CMA-ES,0.6682156827298197,0.0,0.5538685667052696,0.5729372346873773,0.5185010765858216,0.5620179777739398
11,4,CMA-ES,0.689734093176194,0.0,0.5646664349775932,0.5737498885457084,0.539466421407095,0.5727247149787846
12,4,CMA-ES,0.705169807700406,0.0,0.5636743077948847,0.5737498885457084,0.5354979126762608,0.5727247149787846
13,4,CMA-ES,0.7038579208061152,0.0,0.5735467250811257,0.5737498885457084,0.5729372346873773,0.5737498885457084
14,4,CMA-ES,0.7011243270094194,0.0,0.5733435616165429,0.5737498885457084,0.5729372346873773,0.5733435616165429
15,4,CMA-ES,0.7011243270094194,0.0,0.5737498885457084,0.5737498885457084,0.5737498885457084,0.5737498885457084
16,4,CMA-ES,0.7042129221410545,0.0,0.5733435616165429,0.5737498885457084,0.5729372346873773,0.5733435616165429
17,4,CMA-ES,0.7028966122185818,0.0,0.5735467250811257,0.5737498885457084,0.5729372346873773,0.5737498885457084
18,4,CMA-ES,0.7015709681854138,0.0,0.5735467250811257,0.5737498885457084,0.5729372346873773,0.5737498885457084
19,4,CMA-ES,0.7015709681854138,0.0,0.5737498885457084,0.5737498885457084,0.5737498885457084,0.5737498885457084
0,5,CMA-ES,0.8257083388983887,0.0,0.2537481808521199,0.6524823762309251,-0.9424544052842957,0.6524823762309251
1,5,CMA-ES,0.6712959301820786,0.36200460935480827,0.16943975567495873,0.35281677048808735,0.010476103257318356,0.1572330744772146
2,5,CMA-ES,0.800000258087198,0.0,0.4442964027327861,0.6524823762309251,0.11940408798120687,0.5026495733595062
3,5,CMA-ES,0.7967942440136476,0.0,0.45029341805892,0.6524823762309251,0.1572330744772146,0.49572911076377013
4,5,CMA-ES,0.7925544969665268,0.0,0.43994176268858565,0.6524823762309251,0.1572330744772146,0.4750258000231014
5,5,CMA-ES,0.7910443528456168,0.0,0.5637540881270132,0.6524823762309251,0.29756922381527773,0.6524823762309251
6,5,CMA-ES,0.789833593532896,0.0,0.5710398147964644,0.6524823762309251,0.3267121304930822,0.6524823762309251
7,5,CMA-ES,0.7886374386202577,0.0,0.5637540881270132,0.6524823762309251,0.29756922381527773,0.6524823762309251
8,5,CMA-ES,0.7886374386202578,0.0,0.6524823762309251,0.6524823762309251,0.6524823762309251,0.6524823762309251
9,5,CMA-ES,0.7886374386202577,0.0,0.6524823762309251,0.6524823762309251,0.6524823762309251,0.6524823762309251
10,5,CMA-ES,0.7886374386202578,0.0,0.6524823762309251,0.6524823762309251,0.6524823762309251,0.6524823762309251
11,5,CMA-ES,0.7886374386202578,0.0,0.6524823762309251,0.6524823762309251,0.6524823762309251,0.6524823762309251
12,5,CMA-ES,0.7886374386202578,0.0,0.6524823762309251,0.6524823762309251,0.6524823762309251,0.6524823762309251
13,5,CMA-ES,0.7886374386202577,0.0,0.6524823762309251,0.6524823762309251,0.6524823762309251,0.6524823762309251
14,5,CMA-ES,0.7886374386202577,0.0,0.6524823762309251,0.6524823762309251,0.6524823762309251,0.6524823762309251
15,5,CMA-ES,0.7886374386202579,0.0,0.6524823762309251,0.6524823762309251,0.6524823762309251,0.6524823762309251
16,5,CMA-ES,0.7886374386202579,0.0,0.6524823762309251,0.6524823762309251,0.6524823762309251,0.6524823762309251
17,5,CMA-ES,0.7886374386202578,0.0,0.6524823762309251,0.6524823762309251,0.6524823762309251,0.6524823762309251
18,5,CMA-ES,0.7886374386202579,0.0,0.6524823762309251,0.6524823762309251,0.6524823762309251,0.6524823762309251
19,5,CMA-ES,0.7886374386202578,0.0,0.6524823762309251,0.6524823762309251,0.6524823762309251,0.6524823762309251
0,6,CMA-ES,0.46993954427141554,0.0,-0.7377450309697373,-0.7206834453704064,-0.7613674765195003,-0.7344646009945213
1,6,CMA-ES,0.470610222759731,0.030228609272132667,-0.7283308964679952,-0.692690151106202,-0.7517042327767363,-0.7344646009945213
2,6,CMA-ES,0.4951203931685416,0.030228609272132667,-0.7308544531576798,-0.7206834453704064,-0.7613674765195003,-0.7206834453704064
3,6,CMA-ES,0.48664086575793963,0.030228609272132667,-0.7615449095467355,-0.7517042327767363,-0.7734811207484992,-0.7604971423308533
4,6,CMA-ES,0.3591032724664377,0.0,-0.724775251589345,-0.6849770980362249,-0.7613674765195003,-0.7263782159008274
5,6,CMA-ES,0.398685497395673,0.0,-0.7147322185197625,-0.6816106285810339,-0.7613674765195003,-0.707975384489258
6,6,CMA-ES,0.39488463354989145,0.0,-0.6940729325689238,-0.6816106285810339,-0.7093007994822573,-0.692690151106202
7,6,CMA-ES,0.44843097205406834,0.0,-0.733248652706308,-0.6895762124158249,-0.7613674765195003,-0.7410254609449534
8,6,CMA-ES,0.3963055939304209,0.0,-0.7485335286015702,-0.7206834453704064,-0.7613674765195003,-0.756041596258187
9,6,CMA-ES,0.3926660192807196,0.0,-0.7275740231824639,-0.7206834453704064,-0.7482457566186362,-0.7206834453704064
10,6,CMA-ES,0.3938336332114033,0.0,-0.710839460332318,-0.692690151106202,-0.7206834453704064,-0.7149921224263318
11,6,CMA-ES,0.377398169641995,0.0,-0.7157528148162535,-0.7009609231537948,-0.7206834453704064,-0.7206834453704064
12,6,CMA-ES,0.3754399258609738,0.0,-0.7149921224263318,-0.7093007994822573,-0.7206834453704064,-0.7149921224263318
13,6,CMA-ES,0.3772637392720266,0.0,-0.7149921224263318,-0.7093007994822573,-0.7206834453704064,-0.7149921224263318
14,6,CMA-ES,0.3738936345294156,0.0,-0.7178377838983692,-0.7093007994822573,-0.7206834453704064,-0.7206834453704064
15,6,CMA-ES,0.3592401240636772,0.0,-0.7185359137663877,-0.7120933189543314,-0.7206834453704064,-0.7206834453704064
16,6,CMA-ES,0.3592401240636771,0.0,-0.7206834453704064,-0.7206834453704064,-0.7206834453704064,-0.7206834453704064
17,6,CMA-ES,0.3592401240636771,0.0,-0.7206834453704064,-0.7206834453704064,-0.7206834453704064,-0.7206834453704064
18,6,CMA-ES,0.35924012406367695,0.0,-0.7206834453704064,-0.7206834453704064,-0.7206834453704064,-0.7206834453704064
19,6,CMA-ES,0.3592401240636771,0.0,-0.7206834453704064,-0.7206834453704064,-0.7206834453704064,-0.7206834453704064
0,7,CMA-ES,0.18961388055804837,0.028065755979874665,-0.031696943315551375,-0.012022691860788151,-0.03825502713380578,-0.03825502713380578
1,7,CMA-ES,0.21988952937901937,0.028065755979874665,-0.013129783800014908,-0.0004321904377273318,-0.03825502713380578,-0.006915958814263259
2,7,CMA-ES,0.16010830425875863,0.028065755979874665,-0.0035779776090079955,0.024807497573228466,-0.03825502713380578,-0.0004321904377273318
3,7,CMA-ES,0.06856559777033804,0.028065755979874665,-0.019343608785766554,-0.0004321904377273318,-0.03825502713380578,-0.019343608785766558
4,7,CMA-ES,-0.44890827011847945,0.06732325507744517,-0.0064756029647732,0.024807497573228466,-0.03825502713380578,-0.006227441149257742
5,7,CMA-ES,-0.33393170471992145,0.06732325507744517,-0.026674056477426072,-0.013399727190799186,-0.03825502713380578,-0.027520735792549662
6,7,CMA-ES,-0.17526322165645067,0.046935320914048576,-0.007455629854862201,0.020887390012872462,-0.03825502713380578,-0.006227441149257742
7,7,CMA-ES,0.179752616240077,0.028065755979874665,-0.00908909302692305,0.024807497573228466,-0.03825502713380578,-0.01145442127355744
8,7,CMA-ES,0.04394339731920979,0.046935320914048576,0.0020167363196981307,0.019987773351236967,-0.01678644445129354,0.0024328081894245475
9,7,CMA-ES,0.11327950355145798,0.046935320914048576,0.014992558068522368,0.024807497573228466,-0.0004321904377273318,0.017797462569294167
10,7,CMA-ES,-0.1314023424528884,0.046935320914048576,-0.008871810266719415,0.018968439835861696,-0.03825502713380578,-0.008100326884466786
11,7,CMA-ES,0.04964367777913576,0.046935320914048576,-0.0055539660813873895,0.015346184586690903,-0.03825502713380578,0.000346489110782661
12,7,CMA-ES,-0.046035229269346487,0.046935320914048576,0.012951022877293196,0.024807497573228466,0.004062838624413931,0.011466877655765196
13,7,CMA-ES,-0.027006163767930736,0.046935320914048576,0.01732316787268623,0.018968439835861696,0.012387351983159826,0.018968439835861696
14,7,CMA-ES,-0.01971203927833835,0.046935320914048576,0.0090992548429948,0.021066215395051706,-0.005424683181517095,0.010377743579222293
15,7,CMA-ES,-0.05761238556935813,0.046935320914048576,0.0173157642743181,0.022777334158655033,0.01178946384281796,0.0173481295478997
16,7,CMA-ES,-0.03480189600502916,0.046935320914048576,0.01817942392333305,0.02249098718719421,0.012387351983159826,0.018919678261489076
17,7,CMA-ES,-0.055025141233196746,0.046935320914048576,0.02018753225510906,0.023169791915991764,0.017852672096725045,0.019863832503859716
18,7,CMA-ES,-0.032508096276138376,0.046935320914048576,0.02111778142060036,0.024807497573228466,0.01706569417116748,0.02129896696900274
19,7,CMA-ES,-0.01382123226016029,0.046935320914048576,0.022273222442959116,0.024807497573228466,0.017852672096725045,0.02321636005094148
0,8,CMA-ES,0.45675222070140775,0.03515276588809685,-0.0675873718364271,0.04825360555581362,-0.20631498373825524,-0.05614405458163338
1,8,CMA-ES,0.45976198562752113,0.03515276588809685,-0.04912249416222747,0.04825360555581362,-0.1792494171493791,-0.032747082527672215
2,8,CMA-ES,0.47603844620631086,0.005063424221501023,-0.037518477576520416,0.047126524149638256,-0.11374777061115805,-0.04172633192228094
3,8,CMA-ES,0.47603844620631086,0.005063424221501023,0.047126524149638256,0.047126524149638256,0.047126524149638256,0.047126524149638256
4,8,CMA-ES,0.47847024765200674,0.005063424221501023,-0.03310735254338668,0.04825360555581362,-0.14231976935780405,-0.01918162318577816
5,8,CMA-ES,0.47933344369872516,0.0,0.045212099728580424,0.04825360555581362,0.03608758224688083,0.04825360555581362
6,8,CMA-ES,0.4698975005782303,0.005063424221501023,-0.015555293502305514,0.03608758224688083,-0.15838159206478958,0.030036417904343343
7,8,CMA-ES,0.47316393540893115,0.005063424221501023,-0.03800525689837519,0.03608758224688083,-0.11374777061115805,-0.037180419614611764
8,8,CMA-ES,0.47878163907969556,0.005063424221501023,-0.019274942336544688,0.03608758224688083,-0.09839377795868404,-0.007396786817187771
9,8,CMA-ES,0.477234667333783,0.005063424221501023,0.018444271232494903,0.03608758224688083,-0.01250544955720859,0.025097476120153683
10,8,CMA-ES,0.47742699078323164,0.005063424221501023,0.02490531994153327,0.03608758224688083,-0.00685853855596953,0.03519611803761089
11,8,CMA-ES,0.48282673397752973,0.005063424221501023,0.02917023448388368,0.03608758224688083,0.017529383230894403,0.031531986228879746
12,8,CMA-ES,0.4885588579017189,0.005063424221501023,0.02816356232865181,0.04825360555581362,-0.00688305652569811,0.03564185014224586
13,8,CMA-ES,0.49287665892748733,0.005063424221501023,0.013977932837053748,0.04825360555581362,-0.01250544955720859,0.010081787674804981
14,8,CMA-ES,0.48967877089518197,0.005063424221501023,0.03397733424712396,0.04825360555581362,0.01444325431243341,0.036606238560124404
15,8,CMA-ES,0.4896734679517431,0.005063424221501023,0.04772892099562028,0.04825360555581362,0.04615486731504025,0.04825360555581362
16,8,CMA-ES,0.4896798264046596,0.005063424221501023,0.0466795518752336,0.04825360555581362,0.04615486731504025,0.04615486731504025
17,8,CMA-ES,0.4896689273581345,0.005063424221501023,0.04728244886166805,0.04825360555581362,0.04615486731504025,0.04736066128790915
18,8,CMA-ES,0.4896689273581345,0.005063424221501023,0.04615486731504025,0.04615486731504025,0.04615486731504025,0.04615486731504025
19,8,CMA-ES,0.4896762239217233,0.005063424221501023,0.046679551875233594,0.04825360555581362,0.04615486731504025,0.04615486731504025
0,9,CMA-ES,0.5521751594779898,0.0,0.259457946244139,0.6527209520409861,-0.37596237129645466,0.38053660211601226
1,9,CMA-ES,0.5461728022681532,0.0,0.6352489944470929,0.7036342885737987,0.43230969683733655,0.7025259961886181
2,9,CMA-ES,0.5327635839450848,0.0,0.23632458368004972,0.6664358449003195,-0.4429817338139473,0.36092211181691325
3,9,CMA-ES,0.5493223002915775,0.0,0.6352820674754804,0.6965505300223822,0.5747006719778615,0.634938533950839
4,9,CMA-ES,0.5436441069611384,0.0,0.6583041898049247,0.7036342885737987,0.5267470630390251,0.7014177038034375
5,9,CMA-ES,0.5404072704410653,0.0,0.6482728786774079,0.7036342885737987,0.5884611461306194,0.6504980400026068
6,9,CMA-ES,0.5388782364478563,0.0,0.6892442389425435,0.7014177038034375,0.6713820357195522,0.6920886081235922
7,9,CMA-ES,0.5285815221537083,0.0,0.6882501055119972,0.7036342885737987,0.6494162708406096,0.6999749313167902
8,9,CMA-ES,0.5128347307278895,0.0,0.6684666026269069,0.6814159217710586,0.6494162708406096,0.6715171089479797
9,9,CMA-ES,0.5054244811970398,0.0,0.6911438858833298,0.7036342885737987,0.6814159217710586,0.6897626665942308
10,9,CMA-ES,0.5089026704654307,0.0,0.6980796968731137,0.7036342885737987,0.6814159217710586,0.7036342885737987
11,9,CMA-ES,0.5036963591954448,0.0,0.6999532451933033,0.7036342885737987,0.6962722018128077,0.6999532451933033
12,9,CMA-ES,0.5050497217125631,0.0,0.7012396206909607,0.7036342885737987,0.6962722018128077,0.7025259961886181
13,9,CMA-ES,0.5123544678533053,0.0,0.7008842649080221,0.7036342885737987,0.6988938979814899,0.7005044365383999
14,9,CMA-ES,0.5221505839726086,0.0,0.7017255552627568,0.7036342885737987,0.6962722018128077,0.7034978653322104
15,9,CMA-ES,0.5221505839726086,0.0,0.7036342885737987,0.7036342885737987,0.7036342885737987,0.7036342885737987
16,9,CMA-ES,0.5257041218574835,0.0,0.7030801423812084,0.7036342885737987,0.7014177038034375,0.7036342885737987
17,9,CMA-ES,0.538077222797688,0.0,0.7024577845678239,0.7036342885737987,0.7014177038034375,0.7023895729470297
18,9,CMA-ES,0.5504972951259856,0.0,0.7024033273646378,0.7036342885737987,0.7014177038034375,0.7022806585406576
19,9,CMA-ES,0.5504972951259856,0.0,0.7036342885737987,0.7036342885737987,0.7036342885737987,0.7036342885737987
0,10,CMA-ES,0.7743324747738521,0.0,-0.4514871337908674,-0.25442130241956107,-0.6417478555819291,-0.4548896885809897
1,10,CMA-ES,0.7824831503451236,0.0,-0.48622871288945363,-0.25442130241956107,-0.96582198403541,-0.36233578255142174
2,10,CMA-ES,0.710264934974079,0.0,-0.6840513041705728,-0.4753497137993423,-0.9123293004054926,-0.6742631012387281
3,10,CMA-ES,0.7921394891703513,0.0,-0.4520987007089046,-0.25442130241956107,-0.6417478555819291,-0.45611282241706413
4,10,CMA-ES,0.844450470309277,0.0,-0.5374527145522389,-0.25442130241956107,-0.8016628491655181,-0.546863353311938
5,10,CMA-ES,0.8651230422071874,0.0,-0.40418370481302546,-0.25442130241956107,-0.546863353311938,-0.4077250817603013
6,10,CMA-ES,0.8843669733776626,0.0,-0.4012015419203263,-0.25442130241956107,-0.6582760061291503,-0.3460544295662969
7,10,CMA-ES,0.887436277219985,0.0,-0.27732958420624504,-0.25442130241956107,-0.3460544295662969,-0.25442130241956107
8,10,CMA-ES,0.8897828791200925,0.0,-0.27732958420624504,-0.25442130241956107,-0.3460544295662969,-0.25442130241956107
9,10,CMA-ES,0.8915491677467887,0.0,-0.27732958420624504,-0.25442130241956107,-0.3460544295662969,-0.25442130241956107
10,10,CMA-ES,0.8928482399502012,0.0,-0.27732958420624504,-0.25442130241956107,-0.3460544295662969,-0.25442130241956107
11,10,CMA-ES,0.8928482399502016,0.0,-0.25442130241956107,-0.25442130241956107,-0.25442130241956107,-0.25442130241956107
12,10,CMA-ES,0.8928482399502012,0.0,-0.25442130241956107,-0.25442130241956107,-0.25442130241956107,-0.25442130241956107
13,10,CMA-ES,0.8928482399502012,0.0,-0.25442130241956107,-0.25442130241956107,-0.25442130241956107,-0.25442130241956107
14,10,CMA-ES,0.8928482399502012,0.0,-0.25442130241956107,-0.25442130241956107,-0.25442130241956107,-0.25442130241956107
15,10,CMA-ES,0.8928482399502015,0.0,-0.25442130241956107,-0.25442130241956107,-0.25442130241956107,-0.25442130241956107
16,10,CMA-ES,0.8928482399502012,0.0,-0.25442130241956107,-0.25442130241956107,-0.25442130241956107,-0.25442130241956107
17,10,CMA-ES,0.8928482399502012,0.0,-0.25442130241956107,-0.25442130241956107,-0.25442130241956107,-0.25442130241956107
18,10,CMA-ES,0.8928482399502012,0.0,-0.25442130241956107,-0.25442130241956107,-0.25442130241956107,-0.25442130241956107
19,10,CMA-ES,0.8928482399502012,0.0,-0.25442130241956107,-0.25442130241956107,-0.25442130241956107,-0.25442130241956107
0,11,CMA-ES,0.2726029354035614,0.03523053351468264,0.41597823106825926,0.4303203561598353,0.3981915431354168,0.41770051248889245
1,11,CMA-ES,0.06930933442888548,0.03545504789516429,0.39374749644967194,0.4121793088472596,0.38760355898380944,0.38760355898380944
2,11,CMA-ES,0.07918662127570888,0.06035297197757383,0.41478338967729395,0.4357182201114191,0.38760355898380944,0.41790588980697363
3,11,CMA-ES,-0.24042823914205916,0.06035297197757383,0.39904148852547566,0.4121793088472596,0.38760355898380944,0.3981915431354168
4,11,CMA-ES,-0.5076239753961191,0.13447138464182995,0.4189442102071569,0.4303203561598353,0.3981915431354168,0.4236324707666877
5,11,CMA-ES,0.26312141764265706,0.13447138464182995,0.403079594917353,0.4357182201114191,0.38760355898380944,0.39449830028709176
6,11,CMA-ES,0.582850243300269,0.0025559634048054614,0.4158023299990618,0.44064121001102224,0.3886583467383891,0.416954881623418
7,11,CMA-ES,0.6618263657736677,0.0025559634048054614,0.410543487720242,0.4236324707666877,0.3971282208483385,0.41070662963297105
8,11,CMA-ES,0.25595072104104716,0.028965439607935517,0.4094470338087083,0.4232217161305253,0.3981915431354168,0.40818743798444557
9,11,CMA-ES,0.5025749472099392,0.028965439607935517,0.4228882452772599,0.4303203561598353,0.4121793088472596,0.4245266580509723
10,11,CMA-ES,0.4233678952117224,0.028965439607935517,0.41931669764615587,0.4303203561598353,0.3975759711041914,0.4246852316602983
11,11,CMA-ES,0.4165436698782526,0.028965439607935517,0.4230601399267512,0.4303203561598353,0.40796737662064647,0.42697641346326154
12,11,CMA-ES,0.2792026221766676,0.028965439607935517,0.41914386639024087,0.4303203561598353,0.40796737662064647,0.4191438663902409
13,11,CMA-ES,0.33506565215097145,0.028965439607935517,0.42412917235778325,0.4303203561598353,0.4055556209516268,0.4303203561598353
14,11,CMA-ES,0.23689100767561713,0.028965439607935517,0.4325436902789497,0.44064121001102224,0.42889283878510565,0.4303203561598353
15,11,CMA-ES,0.2882069734415292,0.028965439607935517,0.4293502435585584,0.4313703456070632,0.42681743368222935,0.4296065974724705
16,11,CMA-ES,0.46891970056170246,0.028965439607935517,0.4177274242872538,0.4303203561598353,0.4052288808288971,0.4176802300801413
17,11,CMA-ES,0.5299682219244962,0.028965439607935517,0.4296461766494061,0.4357182201114191,0.42205315367487656,0.4304066664056643
18,11,CMA-ES,0.599311900835019,0.028965439607935517,0.4317692686908772,0.44064121001102224,0.41428025434663057,0.43607780520292794
19,11,CMA-ES,0.6158217126067967,0.0025559634048054614,0.427302665888502,0.4357182201114191,0.4221669746648355,0.4256627343888767
0,12,CMA-ES,0.5006365867114364,0.7403576549139499,0.10299578182877575,0.4624649725914665,-0.2218743808518702,0.08569626778775336
1,12,CMA-ES,0.6488896938572964,0.6251576853776419,0.27227221978420235,0.7592838889998188,0.02514606779931525,0.15232946116883767
2,12,CMA-ES,0.7712562866535996,0.1081535710793664,0.17374564254804228,0.7592838889998188,-0.2218743808518702,0.07878653102211028
3,12,CMA-ES,0.8953527435198522,0.0,0.4110492210265549,0.8114571182105176,0.0850706814774511,0.37383454220912543
4,12,CMA-ES,0.9103601578602569,0.0,0.6788693330789526,0.7592838889998188,0.4624649725914665,0.7468642353622624
5,12,CMA-ES,0.9215236072364935,0.0,0.5961181278334322,0.8114571182105176,0.24691597732944087,0.6630497078968851
6,12,CMA-ES,0.9251209495478682,0.0,0.7518673202464462,0.8114571182105176,0.5730979263542317,0.8114571182105176
7,12,CMA-ES,0.9288935564198219,0.0,0.7791606767863901,0.8114571182105176,0.7344445817247061,0.7853705036051681
8,12,CMA-ES,0.9309768890466791,0.0,0.742763377810582,0.8114571182105176,0.6658679223072855,0.7468642353622624
9,12,CMA-ES,0.9296378343762995,0.0,0.7984138109078429,0.8114571182105176,0.7592838889998188,0.8114571182105176
10,12,CMA-ES,0.9296378343762995,0.0,0.8114571182105176,0.8114571182105176,0.8114571182105176,0.8114571182105176
11,12,CMA-ES,0.9296378343762994,0.0,0.8114571182105176,0.8114571182105176,0.8114571182105176,0.8114571182105176
12,12,CMA-ES,0.930979400858608,0.0,0.7853705036051681,0.8114571182105176,0.7592838889998188,0.7853705036051681
13,12,CMA-ES,0.9309794008586078,0.0,0.8114571182105176,0.8114571182105176,0.8114571182105176,0.8114571182105176
14,12,CMA-ES,0.930979400858608,0.0,0.8114571182105176,0.8114571182105176,0.8114571182105176,0.8114571182105176
15,12,CMA-ES,0.9309794008586078,0.0,0.8114571182105176,0.8114571182105176,0.8114571182105176,0.8114571182105176
16,12,CMA-ES,0.930979400858608,0.0,0.8114571182105176,0.8114571182105176,0.8114571182105176,0.8114571182105176
17,12,CMA-ES,0.930979400858608,0.0,0.8114571182105176,0.8114571182105176,0.8114571182105176,0.8114571182105176
18,12,CMA-ES,0.930979400858608,0.0,0.8114571182105176,0.8114571182105176,0.8114571182105176,0.8114571182105176
19,12,CMA-ES,0.9309794008586078,0.0,0.8114571182105176,0.8114571182105176,0.8114571182105176,0.8114571182105176
0,13,CMA-ES,-0.5283650995438605,0.0,0.5329324487195997,0.5329324487195997,0.5329324487195997,0.5329324487195997
1,13,CMA-ES,0.5994712531210193,0.0,0.3436852797005729,0.5329324487195997,0.27822484365092637,0.2817919132158828
2,13,CMA-ES,0.6052975958484136,0.0,0.3647797726845494,0.5329324487195997,0.28097658529153174,0.3226050283635332
3,13,CMA-ES,0.6071615388573475,0.0,0.34393642382511325,0.5329324487195997,0.2767337713452658,0.2830397376177938
4,13,CMA-ES,0.6086266583860361,0.0,0.3545467778207842,0.5329324487195997,0.2767337713452658,0.3042604456091357
5,13,CMA-ES,0.609319610325597,0.0,0.4420551478066554,0.5329324487195997,0.3220262098572819,0.45663096632487
6,13,CMA-ES,0.6092797937386822,0.0,0.532348960791508,0.5329324487195997,0.5305984970072328,0.5329324487195997
7,13,CMA-ES,0.6106094382668276,0.0,0.41912613698233353,0.5329324487195997,0.2817919132158828,0.4308900929969258
8,13,CMA-ES,0.6117593226295449,0.0,0.4955220621785698,0.5329324487195997,0.42292291555149675,0.5131164422215915
9,13,CMA-ES,0.6119960123221682,0.0,0.5099843887433643,0.5329324487195997,0.4411402088146581,0.5329324487195997
10,13,CMA-ES,0.6120605357320493,0.0,0.5192963157549266,0.5329324487195997,0.4835824624496542,0.5303351759252264
11,13,CMA-ES,0.6128473773666665,0.0,0.5032644034972932,0.5329324487195997,0.4908360401043327,0.49464456258262024
12,13,CMA-ES,0.611204701915666,0.0,0.5113896460568299,0.5310556661988411,0.49330043572358323,0.5106012411524476
13,13,CMA-ES,0.6115856537338856,0.0,0.5210992361057408,0.5329324487195997,0.4959886894416573,0.5277379031308531
14,13,CMA-ES,0.6113712975071474,0.0,0.5303351759252264,0.5329324487195997,0.5277379031308531,0.5303351759252264
15,13,CMA-ES,0.6115281185071805,0.0,0.532348960791508,0.5329324487195997,0.5305984970072328,0.5329324487195997
16,13,CMA-ES,0.6117444809865814,0.0,0.531633812322413,0.5329324487195997,0.5277379031308531,0.5329324487195997
17,13,CMA-ES,0.6117444809865814,0.0,0.5329324487195997,0.5329324487195997,0.5329324487195997,0.5329324487195997
18,13,CMA-ES,0.6117219795410445,0.0,0.5317340749516112,0.5329324487195997,0.5305984970072328,0.5317026770398061
19,13,CMA-ES,0.6116641498358644,0.0,0.531633812322413,0.5329324487195997,0.5277379031308531,0.5329324487195997
0,14,CMA-ES,0.4248310994128884,0.0686083951808209,0.08831164687054058,0.2117053423973859,-0.01418376030003936,0.07786250269240788
1,14,CMA-ES,0.6772681451302743,0.0,0.03090055023374098,0.09060486621495699,-0.01418376030003936,0.02359054751002314
2,14,CMA-ES,0.6543199838601793,0.0,0.06352683244202992,0.2270789935869601,-0.08382818771591025,0.05542826194853494
3,14,CMA-ES,0.648359974410458,0.0,0.24850675558432786,0.2786775891474496,0.2270789935869601,0.24413521980145086
4,14,CMA-ES,0.723911614129777,0.0,0.21457352432737636,0.2779002641786362,0.08789328431991958,0.24625027440547476
5,14,CMA-ES,0.7196708432373946,0.0,0.1798879874223645,0.2786775891474496,-0.012004616487717524,0.22643948851486292
6,14,CMA-ES,0.7206808982353631,0.0,0.2232138969922483,0.2589949473294696,0.16686157097619758,0.23349953483166302
7,14,CMA-ES,0.7127664414952865,0.0,0.22274375248693623,0.2786775891474496,0.16228267851477868,0.2250073711427583
8,14,CMA-ES,0.7362154269279194,0.0,0.2317443131247821,0.2589949473294696,0.17133715313806697,0.248322576015796
9,14,CMA-ES,0.7320741822559231,0.0,0.26582755586598106,0.2786775891474496,0.25818252124143976,0.26322505653751743
10,14,CMA-ES,0.7570046508761137,0.0,0.2385941957601832,0.2786775891474496,0.17401150656561354,0.25084384366383483
11,14,CMA-ES,0.7537160625525506,0.0,0.2647607164056422,0.2786775891474496,0.2384626307901522,0.2709513228424835
12,14,CMA-ES,0.7518912068487178,0.0,0.2746201247527632,0.2786775891474496,0.26322505653751743,0.27828892666304295
13,14,CMA-ES,0.7517613026090463,0.0,0.27848325790524625,0.2786775891474496,0.2779002641786362,0.2786775891474496
14,14,CMA-ES,0.7486752216195784,0.0,0.2709857836545907,0.2779002641786362,0.26407130313054517,0.2709857836545907
15,14,CMA-ES,0.7489464281811847,0.0,0.27828892666304295,0.2786775891474496,0.2779002641786362,0.27828892666304295
16,14,CMA-ES,0.746878300753637,0.0,0.26949635777626074,0.2786775891474496,0.25818252124143976,0.27056266035807686
17,14,CMA-ES,0.7531279431659665,0.0,0.2748316864010202,0.2786775891474496,0.26407130313054517,0.27828892666304295
18,14,CMA-ES,0.75295292523874,0.0,0.2784832579052463,0.2786775891474496,0.2779002641786362,0.2786775891474496
19,14,CMA-ES,0.7533064435189413,0.0,0.27828892666304295,0.2786775891474496,0.2779002641786362,0.27828892666304295
0,15,CMA-ES,0.9143766627437224,0.004574836221703446,-0.04586635267755896,-0.036909133557144,-0.04885209238436394,-0.04885209238436394
1,15,CMA-ES,0.7554624156233841,0.004574836221703446,-0.03933528716258659,-0.036909133557144,-0.044920812423398154,-0.03775560133490209
2,15,CMA-ES,0.8096031759966138,0.004574836221703446,-0.046289586566438,-0.038602069112660176,-0.04885209238436394,-0.04885209238436394
3,15,CMA-ES,0.9316426500650562,0.004574836221703446,-0.04207218151306569,-0.03765332631399395,-0.04885209238436394,-0.040891653676952425
4,15,CMA-ES,0.7923958864104392,0.004574836221703446,-0.04659194517385437,-0.044331797963344785,-0.04885209238436394,-0.046591945173854364
5,15,CMA-ES,0.9168033482134407,0.004574836221703446,-0.04092738923091956,-0.03765332631399395,-0.04885209238436394,-0.038602069112660176
6,15,CMA-ES,0.7610458599884833,0.004574836221703446,-0.04375345908206272,-0.036909133557144,-0.04885209238436394,-0.04462630519337147
7,15,CMA-ES,0.7509877193246696,0.004574836221703446,-0.04630430524332933,-0.04318123824124467,-0.04885209238436394,-0.046591945173854364
8,15,CMA-ES,0.6813948806917698,0.004574836221703446,-0.041899534629017396,-0.036909133557144,-0.04885209238436394,-0.040918456287280816
9,15,CMA-ES,0.6747242036582799,0.004574836221703446,-0.04388905304041674,-0.038602069112660176,-0.04885209238436394,-0.044051025332321414
10,15,CMA-ES,0.6409196000243619,0.004574836221703446,-0.047434378848584126,-0.04318123824124467,-0.04885209238436394,-0.04885209238436394
11,15,CMA-ES,0.6203283740424427,0.004574836221703446,-0.045793256182043204,-0.041137041996100125,-0.04885209238436394,-0.046591945173854364
12,15,CMA-ES,0.6787942523003837,0.004574836221703446,-0.04702962163730686,-0.044331797963344785,-0.050013783778120574,-0.04688645240388105
13,15,CMA-ES,0.7948166042197159,0.004574836221703446,-0.0423357455462829,-0.036909133557144,-0.044920812423398154,-0.04375651810229472
14,15,CMA-ES,0.8202275356142517,0.004574836221703446,-0.04204810561575787,-0.036909133557144,-0.044920812423398154,-0.04318123824124467
15,15,CMA-ES,0.8216244267604593,0.004574836221703446,-0.03869027935627541,-0.036909133557144,-0.04318123824124467,-0.03733537281335649
16,15,CMA-ES,0.8476974076831622,0.004574836221703446,-0.03914523366957019,-0.036909133557144,-0.044920812423398154,-0.037375494348869304
17,15,CMA-ES,0.8897975001134795,0.004574836221703446,-0.042226563941910204,-0.036909133557144,-0.04563464572800748,-0.04318123824124467
18,15,CMA-ES,0.9025383837685859,0.0,-0.03733236744602304,-0.036909133557144,-0.038602069112660176,-0.036909133557144
19,15,CMA-ES,0.9137999526576176,0.0,-0.03766636086254795,-0.036909133557144,-0.038602069112660176,-0.03757712039019381
0,16,CMA-ES,0.34332703878910764,0.06497901862308653,0.8232525736061354,0.9349512423566823,0.514855256208627,0.9216018979296161
1,16,CMA-ES,0.5973324242333101,0.033991807333975776,0.862661570732429,0.9368355481551396,0.7194130863809756,0.8971988241968005
2,16,CMA-ES,0.5604537836886826,0.033991807333975776,0.900056335352158,0.9368355481551396,0.8626942954311978,0.9003477489111474
3,16,CMA-ES,0.5745127739425792,0.033991807333975776,0.7639001093237449,0.9891165200960071,0.5116529031790864,0.7774155070099429
4,16,CMA-ES,0.5883755527942088,0.033991807333975776,0.9862041638371557,0.9944384483588006,0.9750126421609354,0.9876827824144434
5,16,CMA-ES,0.5804038546753072,0.033991807333975776,0.9324941628913759,0.9879592815382966,0.8115404659804386,0.9652384520233842
6,16,CMA-ES,0.7107274713308663,0.033991807333975776,0.9477319869949252,0.975920844943747,0.8928957167669542,0.9610556931344998
7,16,CMA-ES,0.5390744464337158,0.033991807333975776,0.8748171821515032,0.9831191510708335,0.7959221273757094,0.8601137250797348
8,16,CMA-ES,0.5428671031349867,0.033991807333975776,0.922678192773421,0.9585829381686002,0.8384443919848351,0.9468427204701244
9,16,CMA-ES,0.43619366864211795,0.033991807333975776,0.9215289566672082,0.9500261585617867,0.8790935998926788,0.9284980341071838
10,16,CMA-ES,0.3927375040523176,0.033991807333975776,0.9377327696227624,0.967177010105328,0.8790935998926788,0.9523302342465214
11,16,CMA-ES,0.4570652450048104,0.033991807333975776,0.9080451166157884,0.9228808404049719,0.8790935998926788,0.9151030130827512
12,16,CMA-ES,0.4663558756068945,0.033991807333975776,0.9226247396582891,0.9416920197134453,0.9073251857605306,0.9207408765795901
13,16,CMA-ES,0.3573774477825848,0.033991807333975776,0.9266687377646258,0.9416920197134453,0.9058240860629511,0.9295794226410534
14,16,CMA-ES,0.3200936068951586,0.033991807333975776,0.9156018183452354,0.925503920395553,0.9057126789174487,0.9155953370339698
15,16,CMA-ES,0.34451857199715946,0.033991807333975776,0.9212823510777859,0.9259095977202277,0.9153040485009223,0.9219578790449967
16,16,CMA-ES,0.3532855059342156,0.033991807333975776,0.9220612065944161,0.9347596544509931,0.9074738023745665,0.9230056847760526
17,16,CMA-ES,0.3289670527470532,0.033991807333975776,0.919745128397702,0.9257094741657581,0.9144403722377874,0.919415333593631
18,16,CMA-ES,0.3655834456313519,0.033991807333975776,0.9142419160045752,0.9204468354741587,0.9074738023745665,0.9145235130847875
19,16,CMA-ES,0.40737199556538983,0.033991807333975776,0.9160128671387675,0.9218935051271658,0.9058240860629511,0.9181669386824767
0,17,CMA-ES,0.8892642367395786,0.0,-0.5864427450513315,-0.5287160986512449,-0.6858545916344287,-0.5656001449598262
1,17,CMA-ES,0.6939255733194744,0.1069467427585058,-0.6149249552979683,-0.5287160986512449,-0.6685336413445923,-0.6312250405980182
2,17,CMA-ES,0.9264657510484848,0.0,-0.5526141193472924,-0.5287160986512449,-0.6076439677842866,-0.5370482054768191
3,17,CMA-ES,0.7953774585500277,0.1069467427585058,-0.5858169418950702,-0.5287160986512449,-0.6076439677842866,-0.6034538505723746
4,17,CMA-ES,0.7849590510873807,0.1069467427585058,-0.5940022584683453,-0.5287160986512449,-0.6645363295290015,-0.5913783028465672
5,17,CMA-ES,0.7617297790342925,0.1069467427585058,-0.5786322200067495,-0.5287160986512449,-0.6548061134117497,-0.5655033339820018
6,17,CMA-ES,0.656930754180867,0.07912996052427568,-0.6046536300447742,-0.5540108929120318,-0.6858545916344287,-0.5893745178163181
7,17,CMA-ES,0.7798380302775533,0.07912996052427568,-0.6362456899927368,-0.5992637333604625,-0.6685336413445923,-0.6385926926329462
8,17,CMA-ES,0.6798669504608199,0.07912996052427568,-0.6333427918455394,-0.5934467289755166,-0.6858545916344287,-0.6270349233861061
9,17,CMA-ES,0.7860207904608784,0.07912996052427568,-0.6181213799566776,-0.5287160986512449,-0.6858545916344287,-0.6289574147705183
10,17,CMA-ES,0.7784710755553105,0.07912996052427568,-0.5602972440875451,-0.5287160986512449,-0.5996552944665277,-0.5564087916162042
11,17,CMA-ES,0.8298842674066824,0.0,-0.598084804596694,-0.5287160986512449,-0.6548061134117497,-0.6044085031618907
12,17,CMA-ES,0.7650055456995366,0.07912996052427568,-0.5404047999813149,-0.5287160986512449,-0.5588066903203764,-0.5370482054768191
13,17,CMA-ES,0.8136403820989295,0.0,-0.5426431862527095,-0.5287160986512449,-0.5677602354059545,-0.5370482054768191
14,17,CMA-ES,0.8272478151410407,0.0,-0.5387046653224037,-0.5287160986512449,-0.5686703653358802,-0.5287160986512449
15,17,CMA-ES,0.8272478151410406,0.0,-0.5287160986512449,-0.5287160986512449,-0.5287160986512449,-0.5287160986512449
16,17,CMA-ES,0.8272478151410408,0.0,-0.5287160986512449,-0.5287160986512449,-0.5287160986512449,-0.5287160986512449
17,17,CMA-ES,0.8272478151410408,0.0,-0.5287160986512449,-0.5287160986512449,-0.5287160986512449,-0.5287160986512449
18,17,CMA-ES,0.8403410688356816,0.0,-0.5362387465685278,-0.5287160986512449,-0.5588066903203764,-0.5287160986512449
19,17,CMA-ES,0.8403410688356815,0.0,-0.5287160986512449,-0.5287160986512449,-0.5287160986512449,-0.5287160986512449
0,18,CMA-ES,0.7267147194043007,0.004332696094525579,0.06964363847891707,0.537993944197822,-0.3968217556508316,0.06870118268433897
1,18,CMA-ES,0.6692368877550675,0.004332696094525579,0.04211948657274758,0.537993944197822,-0.3789144910918863,0.004699246592527323
2,18,CMA-ES,0.631151321187052,0.004332696094525579,0.44552376335246213,0.537993944197822,0.18979030855364054,0.5271554003291932
3,18,CMA-ES,0.5911378798401008,0.004332696094525579,0.4519766628397277,0.5285053455621332,0.38145071988067825,0.4489752929580496
4,18,CMA-ES,0.5864855535376251,0.004332696094525579,0.5053544559234133,0.5320273215451612,0.42621075929558905,0.5315898714264515
5,18,CMA-ES,0.5838261938885112,0.004332696094525579,0.5046049306151744,0.52189245311733,0.4873174081130188,0.5046049306151744
6,18,CMA-ES,0.5960914119233579,0.004332696094525579,0.5284515429944108,0.537993944197822,0.52189245311733,0.5269598873312455
7,18,CMA-ES,0.836649231122052,0.004332696094525579,0.45879317055291924,0.52189245311733,0.38145071988067825,0.4659147546068343
8,18,CMA-ES,0.8247528471872991,0.004332696094525579,0.49733483707698434,0.5285053455621332,0.46720172300796414,0.4968161398689201
9,18,CMA-ES,0.8413008719423587,0.004332696094525579,0.5245458771255511,0.537993944197822,0.506404641286025,0.5268924615091789
10,18,CMA-ES,0.9114759274231843,0.004332696094525579,0.513523580177335,0.5311524213077418,0.4754726216332922,0.5237346388841531
11,18,CMA-ES,0.8946290533825346,0.004332696094525579,0.5282328179350559,0.537993944197822,0.52189245311733,0.5265224372125359
12,18,CMA-ES,0.8993123213894268,0.004332696094525579,0.5207889659057275,0.5240367119370339,0.5154690970953495,0.5218250272952634
13,18,CMA-ES,0.9021249100087966,0.004332696094525579,0.5126831851308276,0.5285053455621332,0.4873174081130188,0.5174549934240791
14,18,CMA-ES,0.8810033803940931,0.004332696094525579,0.5240356396421277,0.537993944197822,0.506404641286025,0.5258719865423319
15,18,CMA-ES,0.8612183988720794,0.004332696094525579,0.5365022885346568,0.537993944197822,0.5320273215451612,0.537993944197822
16,18,CMA-ES,0.865133247431122,0.004332696094525579,0.535515269637202,0.537993944197822,0.5285053455621332,0.5377808943944264
17,18,CMA-ES,0.8904997914287475,0.004332696094525579,0.5295608157111548,0.537993944197822,0.52189245311733,0.5291784327647335
18,18,CMA-ES,0.9080777238713459,0.004332696094525579,0.5319348328384081,0.537993944197822,0.5274405445403273,0.5311524213077418
19,18,CMA-ES,0.9140981493564113,0.004332696094525579,0.5358501597610291,0.537993944197822,0.5320273215451612,0.5366896866505666
0,19,CMA-ES,0.4698219768463782,0.007740228063321641,0.7561978782454887,0.7563668708334388,0.7556909004816387,0.7563668708334388
1,19,CMA-ES,0.5069621080784188,0.0031044961247976843,0.7560069172644123,0.7563668708334388,0.7556909004816387,0.7559849488712858
2,19,CMA-ES,0.2066255456629314,0.007740228063321641,0.7551909738761751,0.7563668708334388,0.7536293537802208,0.7553838354455201
3,19,CMA-ES,0.25409960486589955,0.0031606872696929855,0.7556635803639881,0.756967196360654,0.7536293537802208,0.7560288856575388
4,19,CMA-ES,0.6121740577410891,0.00019306235370475378,0.755258779643823,0.7563668708334388,0.7544886736301074,0.755089787055873
5,19,CMA-ES,0.6798343907904195,0.00015002103543393375,0.7566450652039199,0.756967196360654,0.7562789972609328,0.7566670335970465
6,19,CMA-ES,0.7704198622263266,0.00022142059903229594,0.7557063605515295,0.7563668708334388,0.7544886736301074,0.7559849488712858
7,19,CMA-ES,0.7704784352932876,0.0,0.7558630715012841,0.757089190558038,0.7536293537802208,0.7563668708334388
8,19,CMA-ES,0.7521286834879677,0.0015916241363971295,0.7550439496813515,0.7563668708334388,0.7536293537802208,0.755089787055873
9,19,CMA-ES,0.7640198019643175,0.00022142059903229594,0.7564189460901689,0.756967196360654,0.7554623943784345,0.7566230968107934
10,19,CMA-ES,0.660224897074831,0.00015002103543393375,0.7558784103264597,0.756967196360654,0.7544886736301074,0.7560288856575388
11,19,CMA-ES,0.584512803962154,0.0022963125683999053,0.755513105032909,0.756967196360654,0.7536293537802208,0.7557279349953807
12,19,CMA-ES,0.7231845526289851,0.0015916241363971295,0.7546646746540857,0.7556909004816387,0.7536293537802208,0.7546692221772416
13,19,CMA-ES,0.5717131064735217,0.002013186234797626,0.7557283289446559,0.7563668708334388,0.7544886736301074,0.7560288856575388
14,19,CMA-ES,0.7298879317360258,0.002013186234797626,0.7555433849574973,0.756967196360654,0.7543507990057885,0.755427772231773
15,19,CMA-ES,0.750372151294384,0.0015916241363971295,0.7564504740830764,0.757089190558038,0.7554623943784345,0.7566251556979164
16,19,CMA-ES,0.6075226394908261,0.002013186234797626,0.7554866830845329,0.757089190558038,0.7540019973165473,0.755427772231773
17,19,CMA-ES,0.5909157547906779,0.002013186234797626,0.7563232991203275,0.756868554332794,0.7556909004816387,0.7563668708334388
18,19,CMA-ES,0.5714831084014902,0.002013186234797626,0.7553401356365378,0.7562789972609328,0.7541257879778929,0.7554778786536629
19,19,CMA-ES,0.31851598185199514,0.002099906969537546,0.7554047596945798,0.7570548136621249,0.7536293537802208,0.7554674356679867
0,20,CMA-ES,0.11450193518683119,0.16246849788014073,-0.7643253360762233,-0.7460846171424966,-0.7704055757207988,-0.7704055757207988
1,20,CMA-ES,-0.05792332829820909,0.16246849788014073,-0.8076840738597353,-0.7460846171424966,-0.8282172260988149,-0.8282172260988149
2,20,CMA-ES,0.11543123275721068,0.26191098005989333,-0.714697987674125,-0.7056293094184277,-0.7272085739977606,-0.7129770336401555
3,20,CMA-ES,0.7638355615724932,0.0,-0.7461078212235601,-0.6654837252127432,-0.8282172260988149,-0.7453651667913411
4,20,CMA-ES,0.754740206802938,0.0,-0.7213300969616852,-0.6654837252127432,-0.7791871469102305,-0.7203247578618834
5,20,CMA-ES,0.7420282931266271,0.0,-0.7362762885885246,-0.7056293094184277,-0.8282172260988149,-0.7056293094184277
6,20,CMA-ES,0.7730230040057537,0.0,-0.7349299012486555,-0.6654837252127432,-0.8005866723986373,-0.7368246036916208
7,20,CMA-ES,0.7833114551168298,0.0,-0.6988771023209597,-0.6654837252127432,-0.740806137406126,-0.6946092733324847
8,20,CMA-ES,0.778555735245419,0.0,-0.7136042324367333,-0.6654837252127432,-0.7704055757207988,-0.7092638144066956
9,20,CMA-ES,0.7880876298153314,0.0,-0.7135671801028636,-0.6736668417772638,-0.7478843641621653,-0.7163587572360126
10,20,CMA-ES,0.7887767831008544,0.0,-0.6968048331532272,-0.6654837252127432,-0.7460846171424966,-0.6878254951288345
11,20,CMA-ES,0.7624342811113197,0.0,-0.6975428820875813,-0.6654837252127432,-0.7279326777775778,-0.6983775626800022
12,20,CMA-ES,0.768573951293846,0.0,-0.6837303277666404,-0.6654837252127432,-0.7123927566101419,-0.6785224146218382
13,20,CMA-ES,0.7712886312824183,0.0,-0.6720828769131526,-0.6654837252127432,-0.6755140988853399,-0.6736668417772638
14,20,CMA-ES,0.7739985758979461,0.0,-0.6723914591642484,-0.6654837252127432,-0.6931146610187637,-0.6654837252127432
15,20,CMA-ES,0.7739985758979463,0.0,-0.6654837252127432,-0.6654837252127432,-0.6654837252127432,-0.6654837252127432
16,20,CMA-ES,0.7739985758979461,0.0,-0.6654837252127432,-0.6654837252127432,-0.6654837252127432,-0.6654837252127432
17,20,CMA-ES,0.767450131549631,0.0,-0.6677383791527376,-0.6654837252127432,-0.6745023409727209,-0.6654837252127432
18,20,CMA-ES,0.7595866200851449,0.0,-0.6677383791527376,-0.6654837252127432,-0.6745023409727209,-0.6654837252127432
19,20,CMA-ES,0.7595866200851449,0.0,-0.6654837252127432,-0.6654837252127432,-0.6654837252127432,-0.6654837252127432
0,21,CMA-ES,0.1871384994911779,0.07542028229069886,0.11712439080837071,0.13430201514057363,0.09492047380331202,0.11963753714479858
1,21,CMA-ES,-0.46150196129210785,0.05494795233530636,0.14262052970248704,0.15827128326228795,0.11963753714479858,0.1462866492014308
2,21,CMA-ES,-0.30405474572609015,0.05494795233530636,0.15889773471521246,0.1607770890739859,0.15827128326228795,0.15827128326228795
3,21,CMA-ES,0.785753236380961,0.0008136415019619481,0.12900066931553344,0.1607770890739859,0.09492047380331202,0.1301525571924179
4,21,CMA-ES,0.5108108160182854,0.05494795233530636,0.12744053528280147,0.1607770890739859,0.09492047380331202,0.12703228912695397
5,21,CMA-ES,0.2738198220162796,0.05494795233530636,0.12219329281862781,0.1607770890739859,0.09492047380331202,0.11653780419860665
6,21,CMA-ES,0.5585525476130502,0.05494795233530636,0.12983947727300194,0.1607770890739859,0.09492047380331202,0.13183017310735493
7,21,CMA-ES,0.5937986528951513,0.05494795233530636,0.11671729029469403,0.11963753714479858,0.10795654974438042,0.11963753714479858
8,21,CMA-ES,0.7607450757022861,0.0008136415019619481,0.1139384379029591,0.1491099825860814,0.09208575807764437,0.1072790054740553
9,21,CMA-ES,0.7672198874447536,0.0008136415019619481,0.13706771532003986,0.1607770890739859,0.09492047380331202,0.1462866492014308
10,21,CMA-ES,0.7967620186500723,0.0008136415019619481,0.13957293928224435,0.1607770890739859,0.11710004183620691,0.14020731310939225
11,21,CMA-ES,0.7826160137317273,0.0008136415019619481,0.13240404378533785,0.1607770890739859,0.09492047380331202,0.13695930613202673
12,21,CMA-ES,0.8521391072678569,0.0008136415019619481,0.1498970061308985,0.1607770890739859,0.11976256311333433,0.15952418616813693
13,21,CMA-ES,0.8287618135253982,0.0008136415019619481,0.15353186913770836,0.1607770890739859,0.13430201514057363,0.15952418616813693
14,21,CMA-ES,0.8708186550748913,0.0008136415019619481,0.14591427868681967,0.1607770890739859,0.13794936452706713,0.1424653305731128
15,21,CMA-ES,0.8887270262791805,0.0008136415019619481,0.15353663745398918,0.15585393190916258,0.1513321460309776,0.15348023593790827
16,21,CMA-ES,0.8983479567995887,0.0008136415019619481,0.14803783138762722,0.1607770890739859,0.13343914782895525,0.1489675443237839
17,21,CMA-ES,0.8973825430429623,0.0008136415019619481,0.1570515892008345,0.1607770890739859,0.15332608932768307,0.1570515892008345
18,21,CMA-ES,0.8991183682372393,0.0008136415019619481,0.15615386148723834,0.1607770890739859,0.15153063390049076,0.15615386148723834
19,21,CMA-ES,0.9027961619043439,0.0008136415019619481,0.15671531876866288,0.1607770890739859,0.1494531650175171,0.15831551049157425
0,22,CMA-ES,0.19306131616780858,0.010071685709168388,-0.4275791715402625,-0.37604652867255667,-0.4791118144079683,-0.4275791715402625
1,22,CMA-ES,0.46667154982368136,0.006985193218304375,-0.3790954432626361,-0.3544239161502349,-0.40335746523368743,-0.379300195833311
2,22,CMA-ES,0.48876743198809325,0.006985193218304375,-0.43822307977415204,-0.35524292643293454,-0.4971157164192147,-0.45026683812222945
3,22,CMA-ES,0.6703671857000324,0.006985193218304375,-0.427956052657403,-0.37604652867255667,-0.5290627514896805,-0.40335746523368743
4,22,CMA-ES,0.6344449741138827,0.006985193218304375,-0.46833658138856976,-0.3544239161502349,-0.529556761486141,-0.4946828239589517
5,22,CMA-ES,0.6498066964228234,0.006985193218304375,-0.3952334196240204,-0.3544239161502349,-0.4791118144079683,-0.37369897396893925
6,22,CMA-ES,0.6684109753781488,0.006985193218304375,-0.41537432565313226,-0.3713514192653219,-0.4791118144079683,-0.40551703446961934
7,22,CMA-ES,0.6810428322539562,0.006985193218304375,-0.40366385854491327,-0.3665034313585724,-0.4414370723537061,-0.40335746523368743
8,22,CMA-ES,0.6720302282685728,0.006985193218304375,-0.37206853264590645,-0.35524292643293454,-0.40608411374893855,-0.36347354520087627
9,22,CMA-ES,0.700606947936082,0.006985193218304375,-0.4022592927820877,-0.37012953719325487,-0.46328966638309893,-0.3878089837759985
10,22,CMA-ES,0.7018574796954501,0.006985193218304375,-0.39661342394608423,-0.3691663108310107,-0.44940708303714,-0.3839401509580931
11,22,CMA-ES,0.7090525282184313,0.006985193218304375,-0.3845180166450451,-0.3713514192653219,-0.39538687302389736,-0.38566688714548053
12,22,CMA-ES,0.6949636063744522,0.006985193218304375,-0.37935035922981636,-0.37012953719325487,-0.4045690611953668,-0.3713514192653219
13,22,CMA-ES,0.695143742914253,0.006985193218304375,-0.3967287459501609,-0.37012953719325487,-0.4203329743151325,-0.39822623614612807
14,22,CMA-ES,0.6975802125230369,0.006985193218304375,-0.38322925206778147,-0.3713514192653219,-0.39538687302389736,-0.3830893579909532
15,22,CMA-ES,0.7026363461841088,0.006985193218304375,-0.3738933993777387,-0.3713514192653219,-0.3764714856042583,-0.37387534632068736
16,22,CMA-ES,0.7112062451591561,0.006985193218304375,-0.3836546485513514,-0.3713514192653219,-0.39538687302389736,-0.3839401509580931
17,22,CMA-ES,0.7153015670474182,0.006985193218304375,-0.3738052132018647,-0.3713514192653219,-0.3764714856042583,-0.37369897396893925
18,22,CMA-ES,0.7170268887768274,0.006985193218304375,-0.3751914690195242,-0.3713514192653219,-0.3764714856042583,-0.3764714856042583
19,22,CMA-ES,0.7187953889603915,0.006985193218304375,-0.3757385045770233,-0.3713514192653219,-0.3888997605121277,-0.3713514192653219
0,23,CMA-ES,0.08758695494415315,0.09049129594934291,0.8153061647930502,0.915585036299245,0.5503522739671397,0.8976436744529078
1,23,CMA-ES,0.05079434796927869,0.09049129594934291,0.8012677100691226,0.9118623791121594,0.5496046859833255,0.8718018875905025
2,23,CMA-ES,-0.011792743074654177,0.09049129594934291,0.8081106351973018,0.9064969414571008,0.5549395869320027,0.8855030062000517
3,23,CMA-ES,-0.01085754044541796,0.09049129594934291,0.8891941771023291,0.9081409846494186,0.8800832448217121,0.8842762394690928
4,23,CMA-ES,-0.04472688025251841,0.09049129594934291,0.8880241106737681,0.9064969414571008,0.8800832448217121,0.8827581282081296
5,23,CMA-ES,0.05993738364329517,0.09049129594934291,0.8904191400276462,0.9044115560461775,0.8800832448217121,0.8885908796213476
6,23,CMA-ES,0.2798922601141896,0.09166797428443285,0.8946963218515847,0.9119750127529371,0.8812400169471665,0.8927851288531174
7,23,CMA-ES,0.31392061704494767,0.09166797428443285,0.8985433797145245,0.9088507749659839,0.8812400169471665,0.9020413634724738
8,23,CMA-ES,0.4260497668957984,0.04097675782271115,0.9018332792621564,0.91023858623121,0.8800832448217121,0.9085056429978515
9,23,CMA-ES,0.4292541609502843,0.04097675782271115,0.9096091433073789,0.9152041040841036,0.9064969414571008,0.9083677638441554
10,23,CMA-ES,0.49807924963120626,0.04097675782271115,0.9028196040775459,0.9142983943738476,0.8800832448217121,0.9084483885573119
11,23,CMA-ES,0.5184687217987044,0.04097675782271115,0.9044466000439285,0.9088507749659839,0.8959417422955288,0.9064969414571008
12,23,CMA-ES,0.5413535935521253,0.04097675782271115,0.9086081360642613,0.9095423186985533,0.9064969414571008,0.9091966420506954
13,23,CMA-ES,0.5717938862733214,0.04097675782271115,0.9085252120801063,0.9114170977553,0.9064969414571008,0.908093404554012
14,23,CMA-ES,0.5027018953085184,0.04097675782271115,0.9043333339200621,0.9100939658243898,0.8906484625743676,0.9082954536407453
15,23,CMA-ES,0.5155879159468959,0.04097675782271115,0.909748389341024,0.9142983943738476,0.9064969414571008,0.9090991107665737
16,23,CMA-ES,0.5337155782678501,0.04097675782271115,0.9090857093390576,0.9119750127529371,0.9064969414571008,0.9089354415730961
17,23,CMA-ES,0.5409430132184218,0.04097675782271115,0.9094422429848887,0.9095423186985533,0.9091613517873417,0.9095326507268299
18,23,CMA-ES,0.5560973433530318,0.04097675782271115,0.9091982750834683,0.9119750127529371,0.9069472044347437,0.9089354415730961
19,23,CMA-ES,0.5585325408021148,0.04097675782271115,0.910105053173931,0.9119750127529371,0.9069472044347437,0.9107489977540217
0,24,CMA-ES,0.3780637070724817,0.858448288795447,-0.19789729395731123,0.5566400186755373,-0.9038447231321293,-0.22219223568632646
1,24,CMA-ES,0.5876538866440847,0.01485297310077871,0.6191321478875444,0.9402062729577578,0.390166853154823,0.5730777327187986
2,24,CMA-ES,0.7658080881135504,0.0,0.7577701643375208,0.9056359288001079,0.5895154467620599,0.7679646408939578
3,24,CMA-ES,0.7896618948037755,0.0,0.761070176433666,0.8980610914159561,0.6378681903719594,0.7541757119733743
4,24,CMA-ES,0.819738483615454,0.0,0.8450012595371349,0.9375712054736561,0.6919021729158413,0.875265829879521
5,24,CMA-ES,0.8145798934903776,0.0,0.902652139087634,0.9186956619977533,0.8891854543262687,0.901363720013257
6,24,CMA-ES,0.8605423216028855,0.0,0.8949396149053674,0.9397746188652555,0.8440972160873382,0.8979433123344379
7,24,CMA-ES,0.8333872738612005,0.0,0.9265574186367908,0.9411301580791267,0.9009335380733207,0.9320829891973579
8,24,CMA-ES,0.7920428792019182,0.0,0.9341713999391128,0.940212459327284,0.9186956619977533,0.938888739215707
9,24,CMA-ES,0.8140849396751718,0.0,0.9101615520505795,0.9402062729577578,0.8440972160873382,0.9281713595786107
10,24,CMA-ES,0.8584040398135491,0.0,0.9228360515412433,0.9346570997774146,0.9125693900334624,0.9220588581770481
11,24,CMA-ES,0.8718036255506876,0.0,0.9240930276857562,0.9291526562362022,0.9182825827302799,0.9244684358882711
12,24,CMA-ES,0.8562182388568367,0.0,0.914546579212042,0.9257146179537376,0.8980610914159561,0.9172053037392371
13,24,CMA-ES,0.8457360542433221,0.0,0.9240593356325315,0.9378670296146944,0.9130114824535227,0.9226794152309546
14,24,CMA-ES,0.8531856180304164,0.0,0.9309665646052301,0.9409951741825153,0.9130114824535227,0.9349298008924412
15,24,CMA-ES,0.8613140929126497,0.0,0.9343792300984922,0.9397887003330405,0.9213991250249515,0.9381645475179884
16,24,CMA-ES,0.8625207294774345,0.0,0.937777417775809,0.9402062729577578,0.9314527242630388,0.9397253369412197
17,24,CMA-ES,0.8617424932695278,0.0,0.9394882407533514,0.9402159223030138,0.9373244947948759,0.9402062729577578
18,24,CMA-ES,0.8685459065484771,0.0,0.9377342149752121,0.9406114364102062,0.9351228645501648,0.9376012794702387
19,24,CMA-ES,0.8633487379587125,0.0,0.9392531081055103,0.9397106289922684,0.9385856005268634,0.9393581014514549
0,25,CMA-ES,0.9119235745023628,0.0,-0.0950547673573672,0.04985366482029811,-0.1716879908276479,-0.12919237171105952
1,25,CMA-ES,0.9454055577344181,0.0,-0.03779198541616287,0.04985366482029811,-0.16417851871077657,-0.0184215438870865
2,25,CMA-ES,0.8945933656305035,0.0059749643048445655,-0.20302259892190005,-0.12088620427881794,-0.25095106817876806,-0.22012656161500704
3,25,CMA-ES,0.9206860316076306,0.0059749643048445655,-0.11696709730897856,0.04985366482029811,-0.20753379472614833,-0.155094129665032
4,25,CMA-ES,0.9391860022116,0.0059749643048445655,0.00010354960955891168,0.04985366482029811,-0.14523012345118527,0.0478953285345614
5,25,CMA-ES,0.941434263559025,0.0059749643048445655,-0.07411846549733928,0.04985366482029811,-0.25095106817876806,-0.04768822931544358
6,25,CMA-ES,0.9414776375794428,0.0059749643048445655,-0.09897979842498501,-0.04812071567249643,-0.1973267016588957,-0.07523588818427396
7,25,CMA-ES,0.9389078334482548,0.0059749643048445655,-0.02390387986681215,0.04593699224882469,-0.10079275137042687,-0.02037988017282321
8,25,CMA-ES,0.9418937516008888,0.0059749643048445655,-0.010849033799698038,0.04593699224882469,-0.12491433261558264,0.0177906025839829
9,25,CMA-ES,0.937565060987409,0.0059749643048445655,-0.03602418039618211,-0.01035578708085889,-0.0675637166081433,-0.03308860894786313
10,25,CMA-ES,0.9329071524450214,0.0059749643048445655,-0.04622085095554891,-0.01035578708085889,-0.08669675259447111,-0.043915432073432834
11,25,CMA-ES,0.9305108811631988,0.0059749643048445655,-0.035426528973961,-0.01035578708085889,-0.0675637166081433,-0.031893306103420914
12,25,CMA-ES,0.9290253157211584,0.0059749643048445655,-0.018646706477674035,-0.01035578708085889,-0.043519464668119456,-0.01035578708085889
13,25,CMA-ES,0.9271339321245186,0.0059749643048445655,-0.014581775972196077,0.04593699224882469,-0.05894858968239542,-0.02265775322760679
14,25,CMA-ES,0.9275657961909477,0.0059749643048445655,0.0318637974164038,0.04593699224882469,-0.01035578708085889,0.04593699224882469
15,25,CMA-ES,0.9276932510420447,0.0,0.04691616039169305,0.04985366482029811,0.04593699224882469,0.04593699224882469
16,25,CMA-ES,0.9271174529809587,0.0059749643048445655,0.032851834826738875,0.04985366482029811,-0.01423698258246542,0.0478953285345614
17,25,CMA-ES,0.9271174529809587,0.0059749643048445655,0.04985366482029811,0.04985366482029811,0.04985366482029811,0.04985366482029811
18,25,CMA-ES,0.9271174529809587,0.0059749643048445655,0.04985366482029811,0.04985366482029811,0.04985366482029811,0.04985366482029811
19,25,CMA-ES,0.9271174529809587,0.0059749643048445655,0.04985366482029811,0.04985366482029811,0.04985366482029811,0.04985366482029811
0,26,CMA-ES,0.19027544296743798,0.7298916457781257,-0.2643938887935643,-0.221633778733222,-0.368529688089079,-0.23370604417597807
1,26,CMA-ES,0.9795121470877478,0.0,-0.33433154521025915,-0.029951835080603097,-0.6045958608575225,-0.35138924245145553
2,26,CMA-ES,0.983270052916898,0.00022520698948302886,-0.19926500972575678,-0.04456978525422072,-0.43845004818086963,-0.1570201027339684
3,26,CMA-ES,0.9872158341947991,0.00022520698948302886,-0.19829112779895797,0.14637073851201574,-0.6606353059952446,-0.13944997185630154
4,26,CMA-ES,0.9876408273496551,0.00022520698948302886,0.0900306020690092,0.14637073851201574,-0.07820653117439393,0.14597910046920748
5,26,CMA-ES,0.9361698266436483,0.00022520698948302886,0.04776271785430372,0.12539689848467522,-0.02816587232857935,0.046909922630559514
6,26,CMA-ES,0.9626062511670298,0.00022520698948302886,-0.042412763710307264,0.10045079439644683,-0.15956434803855093,-0.055268750599562474
7,26,CMA-ES,0.9670887565505204,0.0,0.07569323181729835,0.14637073851201574,-0.07820653117439393,0.11730435996578578
8,26,CMA-ES,0.982882114287015,0.0,0.13399416064886177,0.14558746242639925,0.10045079439644683,0.1449691928863005
9,26,CMA-ES,0.9840397510290915,0.0,0.10729210173035986,0.14637073851201574,0.011813307498349216,0.13549218045553724
10,26,CMA-ES,0.9859667440183004,0.00030846645767756975,0.12669063984037515,0.14637073851201574,0.0910036114331657,0.13469410470815954
11,26,CMA-ES,0.9919301957859677,0.0,0.11788690157502452,0.14637073851201574,0.07974709783653988,0.12271488497577124
12,26,CMA-ES,0.9780614388883617,0.00030846645767756975,0.12270999364137367,0.14497897555509565,0.10045079439644683,0.1227051023069761
13,26,CMA-ES,0.9668898301521703,0.00030846645767756975,0.13708729557885502,0.14637073851201574,0.12465645056299827,0.13866099662020304
14,26,CMA-ES,0.9670073749117833,0.00030846645767756975,0.14047642399719412,0.14637073851201574,0.12440923386122345,0.14556286180776867
15,26,CMA-ES,0.9596060442772513,0.00030846645767756975,0.14525372703771927,0.14553826118913807,0.14495941021750536,0.14525861837211684
16,26,CMA-ES,0.9586305995878633,0.00030846645767756975,0.14372996891291154,0.14637073851201574,0.1379826991581355,0.14528321899074745
17,26,CMA-ES,0.9570326056235094,0.00030846645767756975,0.14318443782507623,0.14557571578668405,0.13608551313534478,0.14553826118913807
18,26,CMA-ES,0.9604219427160993,0.0,0.14392560176281846,0.14637073851201574,0.1379819544721467,0.1456748570335557
19,26,CMA-ES,0.9475634479579556,0.00030846645767756975,0.1455601395583881,0.14637073851201574,0.144727726510765,0.14557104660538583
0,27,CMA-ES,0.28112890364029974,0.07129650585317959,0.5543777332079609,0.7470926930121661,0.3736367496505557,0.5483907450845609
1,27,CMA-ES,0.30207214711802766,0.07129650585317959,0.46700073549095833,0.7470926930121661,0.3736367496505557,0.3736367496505557
2,27,CMA-ES,0.7821995942137878,0.07129650585317959,0.3893217046638592,0.7470926930121661,0.016421724375619912,0.39688620063382546
3,27,CMA-ES,0.8068285593989252,0.07129650585317959,0.30819127623033593,0.7470926930121661,-0.6583064817368139,0.5719894468229958
4,27,CMA-ES,0.8599764480162049,0.07129650585317959,0.46699868850469173,0.7122841941979738,0.09342694248002265,0.5311418086703852
5,27,CMA-ES,0.7311213942861983,0.07129650585317959,0.6858212357832503,0.7470926930121661,0.665397416706945,0.665397416706945
6,27,CMA-ES,0.8019056294832372,0.07129650585317959,0.7165146713899041,0.7470926930121661,0.665397416706945,0.7267842879202526
7,27,CMA-ES,0.7479279784135853,0.07129650585317959,0.7267842879202526,0.7412843816425315,0.7122841941979738,0.7267842879202526
8,27,CMA-ES,0.8013724644622581,0.07129650585317959,0.7165146713899041,0.7470926930121661,0.665397416706945,0.7267842879202526
9,27,CMA-ES,0.8264225199548583,0.07129650585317959,0.7296884436050699,0.7470926930121661,0.7122841941979738,0.7296884436050699
10,27,CMA-ES,0.8264225199548583,0.07129650585317959,0.7470926930121661,0.7470926930121661,0.7470926930121661,0.7470926930121661
11,27,CMA-ES,0.8147795305216043,0.07129650585317959,0.7456406151697574,0.7470926930121661,0.7412843816425315,0.7470926930121661
12,27,CMA-ES,0.8181715649360435,0.07129650585317959,0.7456406151697574,0.7470926930121661,0.7412843816425315,0.7470926930121661
13,27,CMA-ES,0.8181715649360434,0.07129650585317959,0.7470926930121661,0.7470926930121661,0.7470926930121661,0.7470926930121661
14,27,CMA-ES,0.8181715649360435,0.07129650585317959,0.7470926930121661,0.7470926930121661,0.7470926930121661,0.7470926930121661
15,27,CMA-ES,0.8214709104638762,0.07129650585317959,0.7456406151697574,0.7470926930121661,0.7412843816425315,0.7470926930121661
16,27,CMA-ES,0.8214709104638762,0.07129650585317959,0.7470926930121661,0.7470926930121661,0.7470926930121661,0.7470926930121661
17,27,CMA-ES,0.8214709104638762,0.07129650585317959,0.7470926930121661,0.7470926930121661,0.7470926930121661,0.7470926930121661
18,27,CMA-ES,0.8214709104638762,0.07129650585317959,0.7470926930121661,0.7470926930121661,0.7470926930121661,0.7470926930121661
19,27,CMA-ES,0.8214709104638762,0.07129650585317959,0.7470926930121661,0.7470926930121661,0.7470926930121661,0.7470926930121661
0,28,CMA-ES,0.45584505380712564,1.604250290325732,0.04436575394822143,0.24778192951122538,-0.3188885157816768,0.12428480103166858
1,28,CMA-ES,0.4461745626990999,1.604250290325732,-0.016508153977473246,0.30417410216016544,-0.37546995857480037,0.0026316202523709864
2,28,CMA-ES,0.6532919898295297,1.604250290325732,0.27625360465435156,0.40356527083150473,0.11593821657416407,0.29275546560586874
3,28,CMA-ES,0.7489963873647988,0.1647342538628107,0.20655392495402855,0.3975644032626508,-0.1395759338315019,0.2841136151924826
4,28,CMA-ES,0.7728596308279175,0.1647342538628107,0.3391589376398622,0.4563153020776817,0.17701924003395095,0.36165060422390805
5,28,CMA-ES,0.7785594171024673,0.1647342538628107,0.33276999897135184,0.4563153020776817,0.12308440573038579,0.37584014403866994
6,28,CMA-ES,0.7505650152464666,0.1647342538628107,0.38588332746706344,0.453996483435728,0.2914782241955659,0.3990293011184799
7,28,CMA-ES,0.7641397507296961,0.1647342538628107,0.3209762554951163,0.4430168980081534,0.1719406354163371,0.3344737442779873
8,28,CMA-ES,0.7784556160858536,0.1647342538628107,0.3865496196365147,0.4563153020776817,0.31490427907662105,0.387489448695878
9,28,CMA-ES,0.7818429675942651,0.1647342538628107,0.4369609849768078,0.4563153020776817,0.4054948418132426,0.4430168980081534
10,28,CMA-ES,0.7688677273804249,0.1647342538628107,0.41637707388989076,0.453996483435728,0.3975644032626508,0.40697370443059205
11,28,CMA-ES,0.7726556218604843,0.1647342538628107,0.44442129054710394,0.4563153020776817,0.4110580745973244,0.45515589275670487
12,28,CMA-ES,0.7701455523062656,0.1647342538628107,0.45241099639981125,0.4563153020776817,0.4430168980081534,0.45515589275670487
13,28,CMA-ES,0.7656135298901843,0.1647342538628107,0.4430416188246247,0.4563153020776817,0.41883779177693575,0.4485066907219407
14,28,CMA-ES,0.7667900760063631,0.1647342538628107,0.4524109963998112,0.4563153020776817,0.4430168980081534,0.45515589275670487
15,28,CMA-ES,0.7667900760063628,0.1647342538628107,0.4563153020776817,0.4563153020776817,0.4563153020776817,0.4563153020776817
16,28,CMA-ES,0.7667900760063631,0.1647342538628107,0.4563153020776817,0.4563153020776817,0.4563153020776817,0.4563153020776817
17,28,CMA-ES,0.766790076006363,0.1647342538628107,0.4563153020776817,0.4563153020776817,0.4563153020776817,0.4563153020776817
18,28,CMA-ES,0.7667900760063628,0.1647342538628107,0.4563153020776817,0.4563153020776817,0.4563153020776817,0.4563153020776817
19,28,CMA-ES,0.7667900760063631,0.1647342538628107,0.4563153020776817,0.4563153020776817,0.4563153020776817,0.4563153020776817
0,29,CMA-ES,0.6212917193667991,0.7256404539392646,0.11664097231437859,0.8581174268996768,-0.9119762552688278,0.2602113588133326
1,29,CMA-ES,0.8270604009859823,0.14519091365870662,0.3070556902994305,0.9272394673281479,-0.672187127518673,0.4865852106941234
2,29,CMA-ES,0.9557172636001607,0.14519091365870662,0.3041545099461279,0.785179503092847,-0.07831632041748685,0.2548774285545757
3,29,CMA-ES,0.9489079475195221,0.0032558407790934663,0.5468223665390165,0.8468772864113935,0.0006931007121513678,0.6698595395162605
4,29,CMA-ES,0.9401590289661351,0.14519091365870662,0.5145993243178647,0.8234534788436064,0.13656145095610928,0.5491911837358716
5,29,CMA-ES,0.9438102655256756,0.0032558407790934663,0.6185997896379976,0.822438765359711,0.4656466626982666,0.5931568652470063
6,29,CMA-ES,0.9427199851753756,0.0032558407790934663,0.7677473422520661,0.8586708438729186,0.7119043045499657,0.75020711029269
7,29,CMA-ES,0.927293918737788,0.14519091365870662,0.8654067852010293,0.9439456540264524,0.7724642014856985,0.8726086426459831
8,29,CMA-ES,0.9276864196045601,0.14519091365870662,0.8867945713708039,0.9244944692587624,0.8196653162390316,0.9015092499927109
9,29,CMA-ES,0.9726848459988305,0.0,0.8596495306767424,0.9337075679404654,0.8045459102470743,0.8501723222597151
10,29,CMA-ES,0.9785925944921451,0.0,0.9138511006515835,0.9579993486750135,0.8045459102470743,0.9464295718421233
11,29,CMA-ES,0.981042437306542,0.0,0.929002515048555,0.9429863807813181,0.9141208848028107,0.9294513973050457
12,29,CMA-ES,0.981247007560019,0.0,0.9228464527271795,0.9337075679404654,0.9069398044864672,0.9253692192408927
13,29,CMA-ES,0.980749926544768,0.0,0.9231987253445612,0.929700073793136,0.9069398044864672,0.9280775115493207
14,29,CMA-ES,0.9800378639724636,0.0,0.934023524077014,0.9429863807813181,0.929700073793136,0.9317038208668007
15,29,CMA-ES,0.9803501318654286,0.0032558407790934663,0.9353491531359668,0.9579993486750135,0.9244944692587624,0.9294513973050457
16,29,CMA-ES,0.9803501318654286,0.0032558407790934663,0.9316633272819435,0.9316633272819435,0.9316633272819435,0.9316633272819435
17,29,CMA-ES,0.9791248974832498,0.0032558407790934663,0.9404457273586952,0.9579993486750135,0.9141208848028107,0.9448313379784785
18,29,CMA-ES,0.9802295005662036,0.0032558407790934663,0.914915955264422,0.9316633272819435,0.9069398044864672,0.9105303446446389
19,29,CMA-ES,0.9792353611837851,0.0032558407790934663,0.916711225343508,0.9316633272819435,0.9069398044864672,0.9141208848028107
0,30,CMA-ES,0.16941104508861912,0.0006356949508219412,0.20977123901624822,0.20979728753118482,0.20974519050131163,0.20977123901624822
1,30,CMA-ES,0.08032555965131363,0.002390971847384016,0.2098358624570676,0.2113177830722296,0.207688233351955,0.21016871670204287
2,30,CMA-ES,0.14288014173144079,0.002390971847384016,0.21047802250431116,0.2113177830722296,0.20974519050131163,0.21042455822185172
3,30,CMA-ES,0.09045701371491686,0.002390971847384016,0.21013981978928056,0.21042455822185172,0.20979728753118482,0.21016871670204287
4,30,CMA-ES,0.12234354888933521,0.002390971847384016,0.21070132871690564,0.2113177830722296,0.20974519050131163,0.21087117064704064
5,30,CMA-ES,0.09623588368464642,0.002390971847384016,0.21015136290150943,0.2113177830722296,0.20974519050131163,0.20977123901624822
6,30,CMA-ES,0.07867774359622876,0.002390971847384016,0.20963712361417025,0.2113177830722296,0.207688233351955,0.20977123901624822
7,30,CMA-ES,0.14162709200247825,0.002390971847384016,0.21044066758881103,0.2113177830722296,0.20974519050131163,0.21034984839085144
8,30,CMA-ES,0.1240296795903421,0.002390971847384016,0.20989402512758054,0.21012074729559166,0.20974519050131163,0.20985508135670944
9,30,CMA-ES,0.1308445222821502,0.002390971847384016,0.21035317174501716,0.21095450628039125,0.20991287518223403,0.2102726527587217
10,30,CMA-ES,0.09620144822036017,0.002390971847384016,0.20882362538267163,0.21012074729559166,0.207688233351955,0.20874276044156992
11,30,CMA-ES,0.11085901721592126,0.0006356949508219412,0.21032120483164446,0.2113177830722296,0.20974519050131163,0.21011092287651828
12,30,CMA-ES,0.04529731213239283,0.002390971847384016,0.20979394128683698,0.2113177830722296,0.207688233351955,0.21008487436158169
13,30,CMA-ES,0.03366763795570128,0.002390971847384016,0.21044399094297675,0.2113177830722296,0.20991287518223403,0.2102726527587217
14,30,CMA-ES,-0.0001572560223330019,0.002390971847384016,0.21005084280024724,0.21042455822185172,0.20974519050131163,0.21001681123891286
15,30,CMA-ES,0.0720779244315133,0.002390971847384016,0.20983586245706756,0.2113177830722296,0.207688233351955,0.21016871670204287
16,30,CMA-ES,0.08668296688949874,0.002390971847384016,0.21042912447658216,0.21095450628039125,0.20991287518223403,0.21042455822185172
17,30,CMA-ES,0.07164474644204397,0.002390971847384016,0.20957879850017289,0.2113177830722296,0.20779743111616525,0.20959998990614837
18,30,CMA-ES,0.0908489807524519,0.002390971847384016,0.21061530391897423,0.2113177830722296,0.20970490223584615,0.21071926518391063
19,30,CMA-ES,0.10129372051206449,0.002390971847384016,0.21045676184688977,0.21095450628039125,0.20979728753118482,0.21053762678799146
0,31,CMA-ES,0.7452682294596075,0.9195340213874048,-0.021665011932105502,0.2464272677852292,-0.2594770847272769,-0.03680511539318718
1,31,CMA-ES,0.7318757451212748,0.9195340213874048,-0.06501234236591287,0.15200061994804548,-0.19560092232312798,-0.10822453354428449
2,31,CMA-ES,0.9371072782134529,0.2518560063992783,0.28173325127557997,0.5160912660288879,0.15200061994804548,0.22942055956269325
3,31,CMA-ES,0.8907438629663905,0.2518560063992783,0.45980364962825476,0.6550314465071977,0.15200061994804548,0.5160912660288879
4,31,CMA-ES,0.9885585859596996,0.2518560063992783,0.33496272909563385,0.6550314465071977,0.08436410192322494,0.3002276839760564
5,31,CMA-ES,0.9945581167916522,0.0,0.5181453567071281,0.6550314465071977,0.2464272677852292,0.5855613562680428
6,31,CMA-ES,0.9945354031193642,0.0,0.5395102280477365,0.6550314465071977,0.4045758036006029,0.5492168310415727
7,31,CMA-ES,0.9945855517669279,0.0,0.5106133766873916,0.6550314465071977,0.19629098320009783,0.5955655385211356
8,31,CMA-ES,0.9930488675423198,0.0,0.5911711477050899,0.6550314465071977,0.5360996305350734,0.5867767568890443
9,31,CMA-ES,0.9915513969527586,0.0,0.5582901909714724,0.6550314465071977,0.4045758036006029,0.5867767568890443
10,31,CMA-ES,0.9898036666478228,0.0,0.6283921720321121,0.6550314465071977,0.566051911871038,0.6462426648751065
11,31,CMA-ES,0.9875714213609488,0.0,0.6132941202861214,0.6550314465071977,0.5360996305350734,0.6310227020511073
12,31,CMA-ES,0.988213113800026,0.0,0.6342382926470613,0.6550314465071977,0.607013957595017,0.6374538832430152
13,31,CMA-ES,0.9873408994815366,0.0,0.6430270742791525,0.6550314465071977,0.607013957595017,0.6550314465071977
14,31,CMA-ES,0.9890143036518289,0.0,0.6462426648751065,0.6550314465071977,0.6374538832430152,0.6462426648751065
15,31,CMA-ES,0.9885277578930355,0.0,0.650637055691152,0.6550314465071977,0.6374538832430152,0.6550314465071977
16,31,CMA-ES,0.99043840513194,0.0,0.650637055691152,0.6550314465071977,0.6374538832430152,0.6550314465071977
17,31,CMA-ES,0.99043840513194,0.0,0.6550314465071977,0.6550314465071977,0.6550314465071977,0.6550314465071977
18,31,CMA-ES,0.9917587252850953,0.0,0.650637055691152,0.6550314465071977,0.6374538832430152,0.6550314465071977
19,31,CMA-ES,0.9923446799235182,0.0,0.6462426648751065,0.6550314465071977,0.6374538832430152,0.6462426648751065
0,32,CMA-ES,0.08243998877128669,0.0,0.63921508364665,0.6616285724636033,0.5740814560920754,0.6605751530154607
1,32,CMA-ES,0.0813944520584828,0.0,0.6488479637129285,0.691678118226746,0.5740814560920754,0.6648161402664463
2,32,CMA-ES,0.07653462369075964,0.0,0.6848746679927323,0.705816519904869,0.6605751530154607,0.6865534995252998
3,32,CMA-ES,0.07735727751672343,0.0,0.6778065459179732,0.6984994221501657,0.6648161402664463,0.6739553106276402
4,32,CMA-ES,0.06439956933661545,0.0,0.6661284612428693,0.6785473986741094,0.6605751530154607,0.6626956466409535
5,32,CMA-ES,0.06304272709678506,0.0,0.6768886151050871,0.6998506548641276,0.6605751530154607,0.6735643262703802
6,32,CMA-ES,0.06925797265646338,0.0,0.6637558934536999,0.6648161402664463,0.6605751530154607,0.6648161402664463
7,32,CMA-ES,0.0578663892469982,0.0,0.6717408606386965,0.6865534995252998,0.6605751530154607,0.6699173950070128
8,32,CMA-ES,0.055588565597999566,0.0,0.6664753851501346,0.6841760815541563,0.6605751530154607,0.6605751530154607
9,32,CMA-ES,0.05626962706755606,0.0,0.6677581195751929,0.6765840575014325,0.6648161402664463,0.6648161402664463
10,32,CMA-ES,0.06810788125040707,0.0,0.6661284612428693,0.6785473986741094,0.6605751530154607,0.6626956466409535
11,32,CMA-ES,0.07936552832208062,0.0,0.6661284612428693,0.6785473986741094,0.6605751530154607,0.6626956466409535
12,32,CMA-ES,0.08024975207672332,0.0,0.6643085538341291,0.6648161402664463,0.6627857945371778,0.6648161402664463
13,32,CMA-ES,0.07421019599879096,0.0,0.6657303599112908,0.6710033288453767,0.6622858302668937,0.6648161402664463
14,32,CMA-ES,0.06271668423530302,0.0,0.6626956466409535,0.6648161402664463,0.6605751530154607,0.6626956466409535
15,32,CMA-ES,0.0741373582838528,0.0,0.6626956466409535,0.6648161402664463,0.6605751530154607,0.6626956466409535
16,32,CMA-ES,0.0683868221914826,0.0,0.6616353998282071,0.6648161402664463,0.6605751530154607,0.6605751530154607
17,32,CMA-ES,0.06263341550936424,0.0,0.6616353998282071,0.6648161402664463,0.6605751530154607,0.6605751530154607
18,32,CMA-ES,0.0724702010719605,0.0,0.6624907384539236,0.6648161402664463,0.6605751530154607,0.6622858302668937
19,32,CMA-ES,0.07814924045754384,0.0,0.6637558934536999,0.6648161402664463,0.6605751530154607,0.6648161402664463
0,33,CMA-ES,0.5456623745224122,0.22320040592965618,-0.2124130049501664,0.46633388082834176,-0.7216479716757257,-0.2971689644766409
1,33,CMA-ES,0.4132458946374923,0.5850143245343684,0.29830134140178993,0.46633388082834176,-0.07931128816434124,0.40309138647157966
2,33,CMA-ES,0.42082516426704947,0.5850143245343684,0.16933841770232488,0.46633388082834176,-0.7216479716757257,0.46633388082834176
3,33,CMA-ES,0.8166367982823798,0.11686773342533141,0.5329088682476989,0.7326338305057702,0.46633388082834176,0.46633388082834176
4,33,CMA-ES,0.9131431264258567,0.0,0.37311491774369737,0.7326338305057702,-0.3201116614029906,0.5399687509360049
5,33,CMA-ES,0.9302402820793729,0.0,0.44651065097466003,0.6952527691732817,-0.07931128816434124,0.5850505614448498
6,33,CMA-ES,0.9088123569355852,0.0,0.5607286773247916,0.7326338305057702,0.38473440490523764,0.5627732369440792
7,33,CMA-ES,0.8969599831835787,0.0,0.6126211970744242,0.7326338305057702,0.5351983647061314,0.5913262965428976
8,33,CMA-ES,0.8759798052969093,0.0,0.6424754101918964,0.7326338305057702,0.5690489720421271,0.6341094191098442
9,33,CMA-ES,0.874590498106859,0.11686773342533141,0.6944386465070884,0.7326338305057702,0.6546152171760202,0.6952527691732817
10,33,CMA-ES,0.8832338618436674,0.0,0.7131291771733327,0.7326338305057702,0.6546152171760202,0.7326338305057702
11,33,CMA-ES,0.8879202505279548,0.0,0.7232885651726482,0.7326338305057702,0.6952527691732817,0.7326338305057702
12,33,CMA-ES,0.892219921774016,0.0,0.7232885651726481,0.7326338305057702,0.6952527691732817,0.7326338305057702
13,33,CMA-ES,0.892219921774016,0.0,0.7326338305057702,0.7326338305057702,0.7326338305057702,0.7326338305057702
14,33,CMA-ES,0.892219921774016,0.0,0.7326338305057702,0.7326338305057702,0.7326338305057702,0.7326338305057702
15,33,CMA-ES,0.892219921774016,0.0,0.7326338305057702,0.7326338305057702,0.7326338305057702,0.7326338305057702
16,33,CMA-ES,0.892219921774016,0.0,0.7326338305057702,0.7326338305057702,0.7326338305057702,0.7326338305057702
17,33,CMA-ES,0.892219921774016,0.0,0.7326338305057702,0.7326338305057702,0.7326338305057702,0.7326338305057702
18,33,CMA-ES,0.892219921774016,0.0,0.7326338305057702,0.7326338305057702,0.7326338305057702,0.7326338305057702
19,33,CMA-ES,0.8922199217740162,0.0,0.7326338305057702,0.7326338305057702,0.7326338305057702,0.7326338305057702
0,34,CMA-ES,0.7243303316333152,0.0,0.08873549843606587,0.9040117095711581,-0.43908252086781724,-0.05499359747953862
1,34,CMA-ES,0.3117075534774475,0.9930175111603297,0.9427440600347221,0.9550027044891735,0.9107113988276478,0.9526310684110335
2,34,CMA-ES,0.613900166582579,0.0,0.8106511269360451,0.9550027044891735,0.4371637829453818,0.9252190101548124
3,34,CMA-ES,0.661556253294298,0.003702528639715208,0.8604521188789003,0.9609649471100687,0.5708381194271859,0.9550027044891735
4,34,CMA-ES,0.720322041625032,0.0,0.9542236214584235,0.9550027044891735,0.9534445384276735,0.9542236214584234
5,34,CMA-ES,0.754232099738173,0.0,0.9528462535552946,0.9609649471100687,0.939726621481977,0.9553467228145662
6,34,CMA-ES,0.8082618951537093,0.0,0.9546147680985735,0.9581254571112733,0.9534445384276735,0.9534445384276735
7,34,CMA-ES,0.7928405686339745,0.0,0.9552084060966819,0.9608936126469825,0.9530509348843981,0.9534445384276735
8,34,CMA-ES,0.8222105162822562,0.0,0.9550339645678331,0.9585156582299429,0.9530509348843981,0.9542846325784956
9,34,CMA-ES,0.8170410897411834,0.0,0.9536372781714108,0.9550027044891735,0.9530509348843981,0.9532477366560358
10,34,CMA-ES,0.8272416825560679,0.0,0.9561284970531168,0.9577398313962852,0.9534445384276735,0.9566648091942545
11,34,CMA-ES,0.8152284101086615,0.0,0.9566559574489873,0.9584929637063293,0.9550027044891735,0.9565640808002234
12,34,CMA-ES,0.808993589400054,0.0,0.9558769391352472,0.9599357868948242,0.9535665606678178,0.9550027044891735
13,34,CMA-ES,0.8177107570083612,0.0,0.9540268196867858,0.9550027044891735,0.9530509348843981,0.9540268196867858
14,34,CMA-ES,0.8158924068134116,0.0,0.9552160989085126,0.9564053781302393,0.9530509348843981,0.9557040413097064
15,34,CMA-ES,0.8147734870077467,0.0,0.9547923892582917,0.9550027044891735,0.9541614435656464,0.9550027044891735
16,34,CMA-ES,0.8147734870077464,0.0,0.9550027044891735,0.9550027044891735,0.9550027044891735,0.9550027044891735
17,34,CMA-ES,0.8173377255853035,0.0,0.9544333533029528,0.9550027044891735,0.9535665606678178,0.9545820740274099
18,34,CMA-ES,0.8244964406680728,0.0,0.9540268196867858,0.9550027044891735,0.9530509348843981,0.9540268196867858
19,34,CMA-ES,0.8298271642530295,0.0,0.9542034292967799,0.9550027044891735,0.9530509348843981,0.954380038906774
0,35,CMA-ES,0.8113981669107695,0.0,0.04283641692062923,0.9422886364076057,-0.9074033823899778,0.06823020683244449
1,35,CMA-ES,0.7531718239279075,0.0,0.3846845277767299,0.864872084103868,0.04577221035496024,0.31404690832404575
2,35,CMA-ES,0.8476483225990731,0.0,0.5203305018633053,0.8119630729103705,-0.1674877828604397,0.7184233587016453
3,35,CMA-ES,0.9629798390736191,0.0,0.44204375171692056,0.7889774395277793,0.275833550798029,0.351682008270937
4,35,CMA-ES,0.9424091935311844,0.0,0.23716414560922092,0.5194342095749738,-0.3771056929082985,0.40316403288510416
5,35,CMA-ES,0.9585546043162894,0.0,0.5483373312235846,0.7889774395277793,0.36550346621661195,0.5194342095749738
6,35,CMA-ES,0.9449248881717021,0.0,0.6245644647916682,0.8718154933069618,0.04848748680415209,0.7889774395277793
7,35,CMA-ES,0.9092533342239918,0.2432595499047534,0.8900421461345743,0.9963157985131871,0.7827678835886678,0.8905424512182214
8,35,CMA-ES,0.9446309823817262,0.0,0.892585629418978,0.9588847676876862,0.8511703354632935,0.8801437072624662
9,35,CMA-ES,0.9417822668123043,0.0,0.9151965562107507,0.9368273889161287,0.8511703354632935,0.9363942502317905
10,35,CMA-ES,0.9393291800607758,0.0,0.9321036664470881,0.9794143260324298,0.895057786034118,0.9269712768609021
11,35,CMA-ES,0.9403252316234084,0.0,0.9389847935739125,0.9963157985131871,0.864872084103868,0.9473756458392975
12,35,CMA-ES,0.9433960502614213,0.0,0.8940151533414777,0.9963157985131871,0.759683532216237,0.9100306413182435
13,35,CMA-ES,0.9522848528161137,0.0,0.9134558859963454,0.976503048164359,0.8572592131845357,0.9100306413182435
14,35,CMA-ES,0.9530041922511383,0.0,0.9688643485469206,0.9977809419280317,0.9422886364076057,0.9676939079260225
15,35,CMA-ES,0.9559153937004792,0.0,0.9612177571084135,0.983223476984629,0.9399445890089896,0.9608514812200177
16,35,CMA-ES,0.9555614335780387,0.0,0.950842239346794,0.976503048164359,0.9422886364076057,0.9422886364076057
17,35,CMA-ES,0.9555614335780387,0.0,0.9422886364076057,0.9422886364076057,0.9422886364076057,0.9422886364076057
18,35,CMA-ES,0.9555614335780389,0.0,0.9422886364076057,0.9422886364076057,0.9422886364076057,0.9422886364076057
19,35,CMA-ES,0.956232106247721,0.0,0.950842239346794,0.976503048164359,0.9422886364076057,0.9422886364076057
0,36,CMA-ES,0.2232248214872106,1.03900466519125,0.4886680083032585,0.656439981594062,0.23276602547338665,0.5327330130727926
1,36,CMA-ES,0.5067476985419238,1.03900466519125,0.21276553981056162,0.656439981594062,-0.6945838294192642,0.44460300353372434
2,36,CMA-ES,0.9465835957552281,0.0,0.7382222949797261,0.9835692351367182,0.656439981594062,0.656439981594062
3,36,CMA-ES,0.8737781578292988,0.21164739084624706,0.6763800949043813,0.9835692351367182,0.40902604455152325,0.6564625499646419
4,36,CMA-ES,0.9056914765100107,0.21164739084624706,0.6977848774725203,0.9835692351367182,0.4946903115652388,0.656439981594062
5,36,CMA-ES,0.8801485588531992,0.21164739084624706,0.6950550338987993,0.810900190813011,0.656439981594062,0.656439981594062
6,36,CMA-ES,0.9864561568285741,0.0,0.7762326449114101,0.9835692351367182,0.656439981594062,0.7324606814574302
7,36,CMA-ES,0.9880933168088823,0.0,0.9636516901969788,0.9835692351367182,0.9038990553777607,0.9835692351367182
8,36,CMA-ES,0.9876629243622853,0.0,0.7596496459184449,0.9835692351367182,0.4946903115652388,0.7801695184859114
9,36,CMA-ES,0.9859642102024192,0.0,0.9636516901969788,0.9835692351367182,0.9038990553777607,0.9835692351367182
10,36,CMA-ES,0.9859642102024192,0.0,0.9835692351367182,0.9835692351367182,0.9835692351367182,0.9835692351367182
11,36,CMA-ES,0.9859642102024192,0.0,0.9835692351367182,0.9835692351367182,0.9835692351367182,0.9835692351367182
12,36,CMA-ES,0.9859642102024192,0.0,0.9835692351367182,0.9835692351367182,0.9835692351367182,0.9835692351367182
13,36,CMA-ES,0.9859642102024192,0.0,0.9835692351367182,0.9835692351367182,0.9835692351367182,0.9835692351367182
14,36,CMA-ES,0.9859642102024192,0.0,0.9835692351367182,0.9835692351367182,0.9835692351367182,0.9835692351367182
15,36,CMA-ES,0.9859642102024192,0.0,0.9835692351367182,0.9835692351367182,0.9835692351367182,0.9835692351367182
16,36,CMA-ES,0.985964210202419,0.0,0.9835692351367182,0.9835692351367182,0.9835692351367182,0.9835692351367182
17,36,CMA-ES,0.9859642102024192,0.0,0.9835692351367182,0.9835692351367182,0.9835692351367182,0.9835692351367182
18,36,CMA-ES,0.9859642102024192,0.0,0.9835692351367182,0.9835692351367182,0.9835692351367182,0.9835692351367182
19,36,CMA-ES,0.9859642102024192,0.0,0.9835692351367182,0.9835692351367182,0.9835692351367182,0.9835692351367182
0,37,CMA-ES,0.381309637307597,2.1508880466818305,0.15431385148599555,0.5191792616295983,-0.17661450937049528,0.1373453268424396
1,37,CMA-ES,0.7399383752018576,0.031977386715884126,0.3177772180817368,0.9893538087355396,-0.8135319345996299,0.5476434990955188
2,37,CMA-ES,0.8823884440985366,0.031977386715884126,0.5967743049026775,0.8184532041119413,-0.021272349829830478,0.7949581826642993
3,37,CMA-ES,0.9668468333710935,0.006479932495280671,0.7253214518407729,0.8516859852739272,0.6195435513831883,0.715028135352988
4,37,CMA-ES,0.9651181445912594,0.006479932495280671,0.7342238089754419,0.8897475569273557,0.3893467430447166,0.8289004679648477
5,37,CMA-ES,0.9576116280595045,0.031977386715884126,0.9099279882794115,0.974613456685576,0.8516859852739272,0.9067062555790715
6,37,CMA-ES,0.9613991256373985,0.031977386715884126,0.868989163181255,0.9582574767355692,0.7434583007397054,0.8871204376248729
7,37,CMA-ES,0.9476850817247823,0.031977386715884126,0.8592341050752972,0.974613456685576,0.7505219948582986,0.8559004843786571
8,37,CMA-ES,0.9211091937815369,0.031977386715884126,0.878100903421128,0.9208545966508042,0.8424076102356975,0.8745707033990051
9,37,CMA-ES,0.932599206965417,0.031977386715884126,0.8842261816328649,0.9123571128585275,0.8111388102412481,0.9067044017158421
10,37,CMA-ES,0.9401628826602985,0.031977386715884126,0.9142156604070576,0.9361976510711977,0.8857296085337032,0.9174676910116648
11,37,CMA-ES,0.931462972105615,0.031977386715884126,0.8889762071618353,0.916794863132857,0.8111388102412481,0.9139855776366181
12,37,CMA-ES,0.923754192664431,0.031977386715884126,0.9238196118106522,0.974613456685576,0.8857296085337032,0.9174676910116648
13,37,CMA-ES,0.9161818818154975,0.031977386715884126,0.9136964025977474,0.926962732388848,0.90262230441867,0.912600286791736
14,37,CMA-ES,0.9121089363988499,0.031977386715884126,0.933809776771138,0.974613456685576,0.9130290628098078,0.9237982937945841
15,37,CMA-ES,0.9115613838757713,0.031977386715884126,0.9277962407737745,0.9543983047635852,0.9130290628098078,0.9218787977608525
16,37,CMA-ES,0.9161148648823927,0.031977386715884126,0.9301835423625231,0.9543983047635852,0.916794863132857,0.924770500776825
17,37,CMA-ES,0.9216788927082853,0.031977386715884126,0.9230473325450811,0.9265386509168833,0.9156140424147089,0.9250183184243661
18,37,CMA-ES,0.9203686791676474,0.031977386715884126,0.9268567120208567,0.926962732388848,0.9265386509168833,0.926962732388848
19,37,CMA-ES,0.9217309803986701,0.031977386715884126,0.9266446712848745,0.926962732388848,0.9265386509168833,0.9265386509168833
0,38,CMA-ES,0.6281814945331364,0.0,0.1705082535045349,0.37306115061442163,-0.11951582244224637,0.21424384292298218
1,38,CMA-ES,0.6634111459409444,0.0,0.1487296133563944,0.37306115061442163,-0.16538164477231396,0.19361947379173497
2,38,CMA-ES,0.7370048855352334,0.0,0.16423824222460318,0.4271572241266438,-0.2700308061402999,0.2499132754560344
3,38,CMA-ES,0.7753764545648206,0.0,0.25273672313807233,0.38277318055795506,0.058227315227051095,0.28497319838364166
4,38,CMA-ES,0.7606285599631155,0.0,0.37090012180903276,0.4271572241266438,0.2967548338232041,0.3798442146431415
5,38,CMA-ES,0.6787328742401945,0.0,0.20682031292533384,0.38662727867186136,-0.16726828283579603,0.303961127932635
6,38,CMA-ES,0.6709306892910385,0.0,0.3844355128715676,0.4357093997830706,0.30181427696213425,0.4001091873705327
7,38,CMA-ES,0.6609761539992038,0.0,0.4089648845114028,0.4348780767105783,0.38277318055795506,0.4091041403885388
8,38,CMA-ES,0.5702866692366612,0.0,0.41170323693380967,0.4421937243526457,0.38277318055795506,0.41092302141231896
9,38,CMA-ES,0.6103116865407195,0.0,0.4200331042026073,0.4521405107609521,0.341716021931375,0.44313794205905116
10,38,CMA-ES,0.6380503142059117,0.0,0.43443363664902984,0.4587908112108632,0.37710032979383046,0.45092170279571286
11,38,CMA-ES,0.658262884046359,0.0,0.4370708865482801,0.4587054635323746,0.37490826226717655,0.4573349101967846
12,38,CMA-ES,0.6763956172642689,0.0,0.44685529607603774,0.45839862503471546,0.4348780767105783,0.4470722412794287
13,38,CMA-ES,0.680850674900674,0.0,0.45219164884212526,0.45607861560421686,0.4412164109446087,0.45573578440983775
14,38,CMA-ES,0.6518547250087444,0.0,0.44606750123612476,0.4587908112108632,0.43871510876843817,0.4433820424825988
15,38,CMA-ES,0.6378561953862274,0.0,0.45723255260095663,0.4587908112108632,0.4553929532154587,0.4573732229887523
16,38,CMA-ES,0.6228878072308666,0.0,0.4563898884342518,0.4587908112108632,0.4521405107609521,0.45731411588259596
17,38,CMA-ES,0.6385526703060447,0.0,0.45650579375023304,0.4585496161609751,0.4553929532154587,0.45604030281224917
18,38,CMA-ES,0.6475102744961815,0.0,0.45799337884554253,0.4587908112108632,0.45607861560421686,0.458552044283545
19,38,CMA-ES,0.6452234436303357,0.0,0.4584753346591302,0.4587054635323746,0.45839862503471546,0.45839862503471546
0,39,CMA-ES,0.42569313351183563,1.0446645739803153,-0.0013603922022602409,0.1371785885937282,-0.15738047483596254,0.007380158716596694
1,39,CMA-ES,0.817476997672961,0.028393304259870522,0.17949395752786826,0.9443307602050267,-0.2989470111815347,0.03629604054399049
2,39,CMA-ES,0.6468978925578055,1.2181968262150975,0.7626843545618053,0.9894970704422076,0.5390045567139143,0.7611178955455496
3,39,CMA-ES,0.9029758563696139,0.028393304259870522,0.6208675540199554,0.9894970704422076,-0.2538028978728636,0.8738880217552387
4,39,CMA-ES,0.8895763503023664,0.028393304259870522,0.6312923856006835,0.8604815973519756,0.1371785885937282,0.7637546782285151
5,39,CMA-ES,0.8707442213047817,0.028393304259870522,0.8286486899594032,0.9443307602050267,0.5969366426036838,0.8866636785144513
6,39,CMA-ES,0.8967015306160818,0.028393304259870522,0.8314036733180853,0.9443307602050267,0.5969366426036838,0.8921736452318152
7,39,CMA-ES,0.8873504857313333,0.028393304259870522,0.8568036653256449,0.9443307602050267,0.6890914769752788,0.8968962120611371
8,39,CMA-ES,0.8863715663094464,0.028393304259870522,0.8536472765429368,0.8604815973519756,0.8331443141158205,0.8604815973519756
9,39,CMA-ES,0.8818278269106397,0.028393304259870522,0.8737789062038979,0.9443307602050267,0.8298216699066134,0.8604815973519756
10,39,CMA-ES,0.8837336134407412,0.028393304259870522,0.8746095672561996,0.9443307602050267,0.8331443141158205,0.8604815973519756
11,39,CMA-ES,0.9232137744620047,0.028393304259870522,0.8737789062038979,0.9443307602050267,0.8298216699066134,0.8604815973519756
12,39,CMA-ES,0.921815068053535,0.028393304259870522,0.8536472765429368,0.8604815973519756,0.8331443141158205,0.8604815973519756
13,39,CMA-ES,0.921815068053535,0.028393304259870522,0.8604815973519756,0.8604815973519756,0.8604815973519756,0.8604815973519756
14,39,CMA-ES,0.9218150680535349,0.028393304259870522,0.8604815973519756,0.8604815973519756,0.8604815973519756,0.8604815973519756
15,39,CMA-ES,0.921815068053535,0.028393304259870522,0.8604815973519756,0.8604815973519756,0.8604815973519756,0.8604815973519756
16,39,CMA-ES,0.9218150680535349,0.028393304259870522,0.8604815973519756,0.8604815973519756,0.8604815973519756,0.8604815973519756
17,39,CMA-ES,0.9280979979939141,0.028393304259870522,0.8536472765429368,0.8604815973519756,0.8331443141158205,0.8604815973519756
18,39,CMA-ES,0.9280979979939139,0.028393304259870522,0.8604815973519756,0.8604815973519756,0.8604815973519756,0.8604815973519756
19,39,CMA-ES,0.9280979979939141,0.028393304259870522,0.8604815973519756,0.8604815973519756,0.8604815973519756,0.8604815973519756
