query_num,method,alignment,regret,quality_avg,quality_max,quality_min,quality_median
0,IG,-0.421206342733776,0.0014781898514964475,0.22685509593717815,0.22909323698046705,0.2261090489227485,0.2261090489227485
1,IG,-0.6451102663918643,0.00323630684793641,0.22685509593717812,0.22909323698046705,0.2261090489227485,0.2261090489227485
2,IG,-0.42117268612443787,0.0014781898514964475,0.22834718996603742,0.22909323698046705,0.2261090489227485,0.22909323698046705
3,IG,-0.4211726861244377,0.0014781898514964475,0.2261090489227485,0.2261090489227485,0.2261090489227485,0.2261090489227485
4,IG,-0.6450737762274772,0.00323630684793641,0.22685509593717815,0.22909323698046705,0.2261090489227485,0.2261090489227485
5,IG,-0.6450737762274772,0.00323630684793641,0.2261090489227485,0.2261090489227485,0.2261090489227485,0.2261090489227485
6,IG,0.008442375998019749,0.0014781898514964475,0.22760114295160777,0.22909323698046705,0.2261090489227485,0.22760114295160777
7,IG,-0.4212391548777986,0.0014781898514964475,0.22685509593717815,0.22909323698046705,0.2261090489227485,0.2261090489227485
8,IG,0.4942657502336512,4.114842727054313e-06,0.22685509593717815,0.22909323698046705,0.2261090489227485,0.2261090489227485
9,IG,0.33863775571833726,0.0008176426730220343,0.22685509593717815,0.22909323698046705,0.2261090489227485,0.2261090489227485
10,IG,0.008025597620564708,0.0014781898514964475,0.22685509593717812,0.22909323698046705,0.2261090489227485,0.2261090489227485
11,IG,-0.716239956131459,0.0037112287646994258,0.2283471899660374,0.22909323698046705,0.2261090489227485,0.22909323698046705
12,IG,-0.7380672369672256,0.0037112287646994258,0.22685509593717815,0.22909323698046705,0.2261090489227485,0.2261090489227485
13,IG,-0.7162231293364645,0.0037112287646994258,0.22834718996603742,0.22909323698046705,0.2261090489227485,0.22909323698046705
14,IG,-0.7380615608764983,0.0037112287646994258,0.22685509593717815,0.22909323698046705,0.2261090489227485,0.2261090489227485
15,IG,-0.746013047148202,0.0037112287646994258,0.22760114295160777,0.22909323698046705,0.2261090489227485,0.22760114295160777
16,IG,-0.7507087791583598,0.0037112287646994258,0.2264919598673826,0.2276406927012849,0.2261090489227485,0.2261090489227485
17,IG,-0.7507087791583597,0.0037112287646994258,0.2261090489227485,0.2261090489227485,0.2261090489227485,0.2261090489227485
18,IG,-0.7450763331394945,0.0037112287646994258,0.22760114295160777,0.22909323698046705,0.2261090489227485,0.22760114295160777
19,IG,-0.7507144971924886,0.0037112287646994258,0.22760114295160777,0.22909323698046705,0.2261090489227485,0.22760114295160777
0,IG,-0.5497564962262936,0.004004640996577269,-0.3392439198205093,-0.33826712715082047,-0.3402207124901981,-0.3392439198205093
1,IG,-0.5711621443165762,0.004004640996577269,-0.3397323161553537,-0.33826712715082047,-0.3402207124901981,-0.3402207124901981
2,IG,-0.5203386397747042,0.004004640996577269,-0.339971802915232,-0.3392250741903337,-0.3402207124901981,-0.3402207124901981
3,IG,-0.5432045642710476,0.004004640996577269,-0.3392439198205093,-0.33826712715082047,-0.3402207124901981,-0.3392439198205093
4,IG,-0.5197137540181239,0.004004640996577269,-0.33894113931127035,-0.33826712715082047,-0.3402207124901981,-0.3386383588020314
5,IG,-0.39096105060643543,0.004004640996577269,-0.33973231615535365,-0.33826712715082047,-0.3402207124901981,-0.3402207124901981
6,IG,-0.038930056688840343,0.003878945216036711,-0.3392439198205093,-0.33826712715082047,-0.3402207124901981,-0.3392439198205093
7,IG,0.3122921994515416,0.0018860633980469776,-0.33948340658038756,-0.33826712715082047,-0.3402207124901981,-0.3397228933402659
8,IG,0.3799945568598941,0.0,-0.3389950102455432,-0.33826712715082047,-0.3402207124901981,-0.3387461006705771
9,IG,0.441272239452989,0.0,-0.3392439198205093,-0.33826712715082047,-0.3402207124901981,-0.3392439198205093
10,IG,0.3830461988446005,0.0,-0.3394834065803876,-0.33826712715082047,-0.3402207124901981,-0.3397228933402659
11,IG,0.32445766748376004,0.0018860633980469776,-0.3394295356461148,-0.33826712715082047,-0.3402207124901981,-0.3396151514717203
12,IG,0.42037365634289364,0.0,-0.3392439198205093,-0.33826712715082047,-0.3402207124901981,-0.3392439198205093
13,IG,0.38094881086601434,0.0018860633980469776,-0.33973231615535365,-0.33826712715082047,-0.3402207124901981,-0.3402207124901981
14,IG,0.42271988323819926,0.0,-0.3392344970054215,-0.33826712715082047,-0.3402207124901981,-0.3392250741903337
15,IG,0.37333618389122974,0.0,-0.3397323161553537,-0.33826712715082047,-0.3402207124901981,-0.3402207124901981
16,IG,0.452928401622497,0.0,-0.3392439198205093,-0.33826712715082047,-0.3402207124901981,-0.3392439198205093
17,IG,0.48541248808304116,0.0,-0.3392439198205093,-0.33826712715082047,-0.3402207124901981,-0.3392439198205093
18,IG,0.4506622550866233,0.0,-0.3394834065803876,-0.33826712715082047,-0.3402207124901981,-0.3397228933402659
19,IG,0.4934606054839457,0.0,-0.33973231615535365,-0.33826712715082047,-0.3402207124901981,-0.3402207124901981
0,IG,0.3281053786959582,1.4081010880769405,-0.13114287439981098,0.11481443519648851,-0.5797088033238592,-0.029838564735936594
1,IG,0.3599861118370103,1.4570592784858216,0.21383851995282294,0.43951558290218,-0.051813115005567165,0.23382580595733946
2,IG,0.8181024684474928,0.46198428930871493,-0.3413994477864554,0.4817964429889969,-0.836873037302894,-0.5052605984159624
3,IG,0.907539489747543,0.46198428930871493,0.15554397962072097,0.46742840618791087,-0.19827867908374466,0.17651309568935883
4,IG,0.9245047895726985,0.46198428930871493,-0.06015201485483941,0.8259502289274835,-0.6242810846080955,-0.22113860186937281
5,IG,0.924391778292577,0.46198428930871493,0.057004614367593825,0.8259502289274835,-0.836873037302894,0.11947063292289287
6,IG,0.9177697907845972,0.46198428930871493,-0.11800096147853972,0.22249550352413536,-0.618213060444349,-0.03814314449697265
7,IG,0.9175726661578693,0.46198428930871493,-0.33289658464790395,0.29194089179663796,-0.6745154660315925,-0.47450588217833056
8,IG,0.9564575565855378,0.46198428930871493,-0.13387552612686782,0.15377771223744496,-0.7344396644624351,0.022579923858759475
9,IG,0.9669342359126258,0.0,0.2491753995516574,0.8575027210909721,-0.34619809563615095,0.24269848637590422
10,IG,0.9830640954974011,0.0,0.04548695201240956,0.8575027210909721,-0.6529072791920759,-0.011323816924628971
11,IG,0.9810951025102088,0.0,0.13180976691584295,0.43368075603798006,-0.28146139929707603,0.1875098554612339
12,IG,0.9810992000033092,0.0,-0.15840469391846998,0.9293269128152319,-0.7451262318528261,-0.40890972831814293
13,IG,0.9824301122657936,0.0,-0.2685386977281435,0.29194089179663796,-0.8962365621289302,-0.23492956029014087
14,IG,0.9824722514252106,0.0,-0.46453096642815667,0.2857396537147467,-0.8962365621289302,-0.6238134786492215
15,IG,0.9714855440653681,0.0,-0.33918150325203916,-0.04610002395159972,-0.8962365621289302,-0.2071947134638134
16,IG,0.9697659670909963,0.0,0.1085094216208691,0.43951558290218,-0.27662661975111336,0.13557436166620487
17,IG,0.9691197793407738,0.0,0.7101615783565418,0.8259502289274835,0.6054509109512598,0.7046225867737119
18,IG,0.9742546564964869,0.0,-0.048430379895333886,0.47896799307976634,-0.5046765380025884,-0.08400648732925675
19,IG,0.9912255050369249,0.0,0.052030784750649275,0.17832457174617206,-0.03814314449697265,0.033970855876698854
0,IG,0.5801650822991797,0.0,-0.417708085648972,-0.139740839585248,-0.5961363330452207,-0.4674775849827095
1,IG,0.5816354663945916,0.0,-0.28945222454838837,-0.16997703139373346,-0.456655949991237,-0.26558795840429156
2,IG,0.5647457756586859,0.0,-0.4354824564619475,-0.32048885277765543,-0.6608348538793868,-0.3803030595953738
3,IG,0.5682699262671113,0.0,-0.32098753610134956,-0.139740839585248,-0.5877755049449004,-0.278216899937625
4,IG,0.5701305398285718,0.0,-0.4088294551177285,-0.139740839585248,-0.560030220861307,-0.4677733800121794
5,IG,0.5705584574342043,0.0,-0.36035796222936356,-0.139740839585248,-0.6608348538793868,-0.32042807772640974
6,IG,0.5716723224560306,0.0,-0.47496354927804096,-0.3595284484237543,-0.5711237712798966,-0.4846009887042565
7,IG,0.5743254148320284,0.0,-0.36991102637598394,-0.24215314784904407,-0.515051312384251,-0.36121982263532043
8,IG,0.5711364646757797,0.0,-0.4758233475535718,-0.32048885277765543,-0.6097701475197326,-0.4865171949584495
9,IG,0.5716144891514365,0.0,-0.4134651699179239,-0.139740839585248,-0.6398089671989345,-0.4371554364437565
10,IG,0.5708617189014856,0.0,-0.5037691673301863,-0.32048885277765543,-0.6398089671989345,-0.5273894246720776
11,IG,0.5709041106766078,0.0,-0.49216527560878576,-0.139740839585248,-0.6608348538793868,-0.5840427044852541
12,IG,0.5746863829616359,0.0,-0.34968256047348617,-0.16997703139373346,-0.5877755049449004,-0.32048885277765543
13,IG,0.5737429752120752,0.0,-0.3085066505501243,-0.139740839585248,-0.5316437619885495,-0.2813210003133497
14,IG,0.5749240439222797,0.0,-0.3985882134925748,-0.2168952647823772,-0.6097701475197326,-0.3838437208340946
15,IG,0.5752175182894353,0.0,-0.31442311972556686,-0.17471406058985578,-0.5877755049449004,-0.2476014566837556
16,IG,0.5752361403021546,0.0,-0.26210555599813495,-0.139740839585248,-0.43443144415678725,-0.2371249701252523
17,IG,0.588466511096921,0.0,-0.43099795014168346,-0.32048885277765543,-0.6608348538793868,-0.3713340469548458
18,IG,0.5880640676558768,0.0,-0.28961053497529293,-0.139740839585248,-0.4846009887042565,-0.26705015580583363
19,IG,0.5947337891807072,0.0,-0.4269463948366152,-0.139740839585248,-0.6608348538793868,-0.4536049429409129
0,IG,0.22982832633864367,0.22246748967863583,-0.04858336404119111,0.10506776734957475,-0.15084518414160833,-0.07427801968636542
1,IG,0.1869050301974472,0.22246748967863583,0.0654154069460497,0.11920387511583475,-0.0676777820307854,0.10506776734957475
2,IG,0.3529934719433729,0.12119407333863957,0.0581462862810576,0.15915868680042924,-0.15084518414160833,0.11213582123270474
3,IG,0.354438577102758,0.12119407333863957,0.041089529476778984,0.10506776734957475,-0.15084518414160833,0.10506776734957475
4,IG,0.3598375622370966,0.12119407333863957,-0.08686694626881256,0.10506776734957475,-0.15084518414160833,-0.15084518414160833
5,IG,0.5066842912053492,0.12119407333863957,0.09447227173165601,0.11920387511583475,0.048549677111639815,0.10506776734957475
6,IG,0.505454972511007,0.12119407333863957,0.051593985117697416,0.10506776734957475,-0.1088273615779346,0.10506776734957475
7,IG,0.507501553294323,0.22246748967863583,-0.03663788006985608,0.11920387511583475,-0.1088273615779346,-0.07846401690866223
8,IG,0.6246796019137562,0.12119407333863957,0.023991728169559197,0.2168584734905494,-0.15084518414160833,0.01497681166464785
9,IG,0.6162100224231942,0.12119407333863957,-0.055280068334739155,0.10506776734957475,-0.12925512932887298,-0.09846645567982919
10,IG,0.6144951095448798,0.12119407333863957,0.06188138000448472,0.10506776734957475,-0.0676777820307854,0.10506776734957475
11,IG,0.7422201199820354,0.012017986823636861,0.11809515793397297,0.15915868680042924,0.10308641023631313,0.10506776734957475
12,IG,0.7367611028140785,0.012017986823636861,-0.10926148308619686,-0.0676777820307854,-0.15084518414160833,-0.10926148308619686
13,IG,0.7147745073530585,0.012017986823636861,-0.024571096236256793,0.1663263084454166,-0.12925512932887298,-0.0676777820307854
14,IG,0.7187251350643498,0.012017986823636861,-0.03527762956357218,0.10506776734957475,-0.08925025178653904,-0.07846401690866223
15,IG,0.7185313080106087,0.012017986823636861,0.0033006558348727816,0.10506776734957475,-0.12925512932887298,0.01869499265939468
16,IG,0.7329386925525908,0.012017986823636861,-0.015243302848482805,0.10506776734957475,-0.15084518414160833,-0.007597897300948821
17,IG,0.7455645018759681,0.0,0.06378572629848295,0.1396986243064569,-0.1088273615779346,0.11213582123270474
18,IG,0.7504655501486616,0.0,0.0033006558348727816,0.10506776734957475,-0.12925512932887298,0.01869499265939468
19,IG,0.7523331949381061,0.0,-0.017491194692832952,0.10506776734957475,-0.15084518414160833,-0.012093680989649115
0,IG,0.2598260458219788,0.1282859544507411,-0.12915217924254965,-0.10111173049306903,-0.13849899549237651,-0.13849899549237651
1,IG,0.7054582618395094,0.1282859544507411,-0.07884774534091668,-0.03789012768911061,-0.13849899549237651,-0.06950092909108982
2,IG,0.8247875135956898,0.03626755694434636,-0.11334677854156003,-0.03789012768911061,-0.13849899549237651,-0.13849899549237651
3,IG,0.8610919660186768,0.03626755694434636,-0.11334677854156006,-0.03789012768911061,-0.13849899549237651,-0.13849899549237651
4,IG,0.8701164495947861,0.03626755694434636,-0.05755233378464027,-0.03789012768911061,-0.11608883812329542,-0.03811518466307753
5,IG,0.8622827999936579,0.03626755694434636,-0.06315487312691054,-0.03789012768911061,-0.13849899549237651,-0.03811518466307753
6,IG,0.9118768537678521,0.0014412764673494838,-0.12354963990027937,-0.10111173049306903,-0.13849899549237651,-0.12729391680783597
7,IG,0.9336845980385943,0.0014412764673494838,-0.10399996229173317,-0.03789012768911061,-0.13849899549237651,-0.11980536299272276
8,IG,0.9408306135579122,0.0014412764673494838,-0.10399996229173317,-0.03789012768911061,-0.13849899549237651,-0.11980536299272276
9,IG,0.9383109354546895,0.0,-0.11334677854156003,-0.03789012768911061,-0.13849899549237651,-0.13849899549237651
10,IG,0.9012014079264046,0.0014412764673494838,-0.06950092909108982,-0.03789012768911061,-0.10111173049306903,-0.06950092909108982
11,IG,0.9088776455048139,0.0014412764673494838,-0.11334677854156006,-0.03789012768911061,-0.13849899549237651,-0.13849899549237651
12,IG,0.9182324382262552,0.0014412764673494838,-0.1403651811290298,-0.13849899549237651,-0.14596373803898954,-0.13849899549237651
13,IG,0.9356109559791788,0.0014412764673494838,-0.10399996229173318,-0.03789012768911061,-0.13849899549237651,-0.11980536299272276
14,IG,0.9360281400048859,0.0014412764673494838,-0.11334677854156003,-0.03789012768911061,-0.13849899549237651,-0.13849899549237651
15,IG,0.9360281400048861,0.0014412764673494838,-0.13849899549237651,-0.13849899549237651,-0.13849899549237651,-0.13849899549237651
16,IG,0.9361370057486241,0.0014412764673494838,-0.11334677854156003,-0.03789012768911061,-0.13849899549237651,-0.13849899549237651
17,IG,0.9213240073624771,0.0014412764673494838,-0.11980536299272276,-0.10111173049306903,-0.13849899549237651,-0.11980536299272276
18,IG,0.918056133947567,0.0014412764673494838,-0.06315487312691054,-0.03789012768911061,-0.13849899549237651,-0.03811518466307753
19,IG,0.9233362179605323,0.0014412764673494838,-0.10961042483594302,-0.03789012768911061,-0.14596373803898954,-0.12729391680783597
0,IG,0.611579435384987,0.0,0.20068576821326403,0.5518913033762377,-0.30952652067475367,0.280189145075786
1,IG,0.5690509012154439,0.0,0.2934742168431298,0.5232391470658492,0.15382708312347135,0.24841531859159932
2,IG,0.6927951598319508,0.0,-0.19968838948230186,-0.10905928783931873,-0.30952652067475367,-0.19008387470756755
3,IG,0.7032067559374952,0.0,0.42289089971966665,0.5832261810859586,0.2536922443270259,0.42732258673284107
4,IG,0.7035617295144947,0.0,0.13978163088884282,0.5518913033762377,-0.4141297069740904,0.210682463576612
5,IG,0.6988015389549266,0.0,0.1564335039286303,0.6350783342354901,-0.30952652067475367,0.1500911010768924
6,IG,0.5747699755502375,0.0,0.2926863846096117,0.5428290942696611,-0.07923542411096061,0.35357593413987326
7,IG,0.9678253613703329,0.0,0.14197817405943353,0.27570945362188903,0.0232815309647025,0.13446085582557127
8,IG,0.9908320184688041,0.0,-0.19181647982534392,0.21138220264557658,-0.4141297069740904,-0.28225920748643096
9,IG,0.9889552745842832,0.0,-0.13904766670234464,0.14635511903031348,-0.30952652067475367,-0.1965096325824692
10,IG,0.9904042048055088,0.0,0.05020480440941873,0.4796651122229364,-0.4141297069740904,0.06764190619441446
11,IG,0.9877221855829535,0.0,0.025389685154923437,0.3430035540597273,-0.30952652067475367,0.03404085361736005
12,IG,0.9842679394946736,0.0,0.21777260825301303,0.4719068864083344,-0.11449753280510619,0.256840539704412
13,IG,0.9860545542852532,0.0,0.30229936796355056,0.568718431395113,0.05594518537735357,0.29226692754086786
14,IG,0.9852697957397489,0.0,0.019798345264260962,0.5518913033762377,-0.30952652067475367,-0.0815857008222201
15,IG,0.9833021631752972,0.0,0.2797134950695457,0.5832261810859586,-0.01860129166427346,0.27711454542824887
16,IG,0.9833611235184632,0.0,0.2342373699942717,0.6087054736449319,-0.30134583324005,0.31479491978610247
17,IG,0.9833385051045814,0.0,-0.07556009188800236,0.6350783342354901,-0.4141297069740904,-0.2615944974067046
18,IG,0.9891269660455095,0.0,0.29839186585131716,0.42984900129397546,0.12256659262082904,0.3205759347452321
19,IG,0.9886462391785612,0.0,0.1390550484233886,0.5832261810859586,-0.4141297069740904,0.19356185979084312
0,IG,0.8111622555092709,0.0,-0.3386607653403581,0.09216698306559865,-0.5708305553168661,-0.4379897445550825
1,IG,0.7957218613167276,0.0014260734297233124,-0.36790580645472015,-0.2511946264693658,-0.5708305553168661,-0.3247990220163245
2,IG,0.8001504550176639,0.0014260734297233124,-0.17879573542012758,0.09216698306559865,-0.5124869564593657,-0.14743148414337165
3,IG,0.7753700268210644,0.0014260734297233124,-0.2944379758140978,-0.014066072049129526,-0.5068363399930116,-0.32842474560712503
4,IG,0.7769073456863497,0.0014260734297233124,-0.22474588641125862,0.09216698306559865,-0.5708305553168661,-0.21015998669688352
5,IG,0.798373279846298,0.0014260734297233124,-0.3043485202561401,0.09216698306559865,-0.5708305553168661,-0.3693652543866466
6,IG,0.7988822571115614,0.0014260734297233124,-0.19338163513450268,0.09216698306559865,-0.5708305553168661,-0.14743148414337165
7,IG,0.7846939225585633,0.0014260734297233124,-0.4435829982256775,-0.2705456153292398,-0.5708305553168661,-0.46647791112830206
8,IG,0.7892081686473953,0.0014260734297233124,-0.15232528289646177,0.09216698306559865,-0.5708305553168661,-0.06531877966728986
9,IG,0.7900721025625331,0.0014260734297233124,-0.35913101973011885,0.09216698306559865,-0.5708305553168661,-0.47893025333460404
10,IG,0.7911436285231717,0.0014260734297233124,-0.3217846828030113,0.09216698306559865,-0.5708305553168661,-0.4042375794803889
11,IG,0.7867091021613959,0.0014260734297233124,-0.5222074111559212,-0.4582189962321293,-0.5708305553168661,-0.5298900465373446
12,IG,0.786710318401064,0.0014260734297233124,-0.23933178612563372,0.09216698306559865,-0.5708305553168661,-0.23933178612563372
13,IG,0.79432841569085,0.0014260734297233124,-0.3057942746589876,0.09216698306559865,-0.5708305553168661,-0.37225676319234147
14,IG,0.7885632576203362,0.0014260734297233124,-0.47975814295920793,-0.3804432256256148,-0.5708305553168661,-0.4838793954471755
15,IG,0.7895895437838834,0.0014260734297233124,-0.33936765853589346,0.09216698306559865,-0.5708305553168661,-0.43940353094615314
16,IG,0.7895844528111706,0.0014260734297233124,-0.4050811707212499,0.09216698306559865,-0.5708305553168661,-0.5708305553168661
17,IG,0.7895832099450878,0.0014260734297233124,-0.40508117072124994,0.09216698306559865,-0.5708305553168661,-0.5708305553168661
18,IG,0.7895851168854421,0.0014260734297233124,-0.40508117072124994,0.09216698306559865,-0.5708305553168661,-0.5708305553168661
19,IG,0.7847215154828928,0.0014260734297233124,-0.4010334592976953,-0.22280454240017836,-0.5708305553168661,-0.4052493697368684
0,IG,0.4628426822254967,0.0045402637695620696,-0.6422100585289539,-0.3636974816774126,-0.9207226353804951,-0.6422100585289539
1,IG,0.6061736971677968,0.009605627675750017,-0.6537677281423483,-0.29691854260649664,-0.9207226353804951,-0.6987148672912007
2,IG,0.6189845529742588,0.0045402637695620696,-0.6065157421207952,-0.25780330800819107,-0.9506184824879977,-0.6088205889934959
3,IG,0.6468903818028439,0.0045402637695620696,-0.5931194102779836,-0.25780330800819107,-0.9207226353804951,-0.5969758488616241
4,IG,0.6510684800712154,0.0045402637695620696,-0.7954494794426356,-0.513315693388582,-0.9207226353804951,-0.8738797945007324
5,IG,0.6103297287697329,0.0045402637695620696,-0.8941932421518753,-0.7350449973775518,-0.9703868533614566,-0.9356705589342464
6,IG,0.6068961238798156,0.009605627675750017,-0.6802339987872958,-0.4284089532991381,-0.9207226353804951,-0.6859022032347749
7,IG,0.6176717930213445,0.009605627675750017,-0.7565401654892187,-0.45108177108905473,-0.9691198816126606,-0.8029795046275798
8,IG,0.621988692016854,0.009605627675750017,-0.7679386522035023,-0.5678537150701336,-0.9207935211585311,-0.7915536862926723
9,IG,0.6261885576262392,0.009605627675750017,-0.7679386522035023,-0.5678537150701336,-0.9207935211585311,-0.7915536862926723
10,IG,0.624928855282479,0.009605627675750017,-0.803073920736393,-0.45108177108905473,-0.9207935211585311,-0.9202101953489932
11,IG,0.623418214127441,0.009605627675750017,-0.8301736975929441,-0.513315693388582,-0.9658629404441682,-0.9207580782695131
12,IG,0.6206805097214053,0.009605627675750017,-0.8460790613164874,-0.5770080340607907,-0.9658629404441682,-0.9207226353804951
13,IG,0.623027400572173,0.009605627675750017,-0.7229363222013615,-0.2853591735594015,-0.9506184824879977,-0.8278838163790234
14,IG,0.6332740212214979,0.009605627675750017,-0.7492922497553713,-0.5589338042338376,-0.9207226353804951,-0.7587562797035763
15,IG,0.6363355651116648,0.009605627675750017,-0.730209544235761,-0.36533474926774817,-0.9207935211585311,-0.8173549532583823
16,IG,0.6413494815409939,0.0045402637695620696,-0.5942400232452055,-0.2853591735594015,-0.9207935211585311,-0.5854036991314446
17,IG,0.6474121952906794,0.0045402637695620696,-0.637582587464559,-0.25780330800819107,-0.9207226353804951,-0.6859022032347749
18,IG,0.6471352887758924,0.0045402637695620696,-0.7814663469547245,-0.3636974816774126,-0.9207226353804951,-0.9207226353804951
19,IG,0.6460304022696962,0.0045402637695620696,-0.8263625831039014,-0.513315693388582,-0.9506184824879977,-0.9207580782695131
0,IG,-0.1668673536208014,0.0042985894083286125,-0.33175197023068514,-0.33122482371729817,-0.33192768573514747,-0.33192768573514747
1,IG,-0.160559299603284,0.0042985894083286125,-0.33175197023068514,-0.33122482371729817,-0.33192768573514747,-0.33192768573514747
2,IG,-0.1533946842807874,0.0042985894083286125,-0.3315762547262228,-0.33122482371729817,-0.33192768573514747,-0.3315762547262228
3,IG,-0.15339468428078734,0.0042985894083286125,-0.33192768573514747,-0.33192768573514747,-0.33192768573514747,-0.33192768573514747
4,IG,-0.151225856663463,0.0042985894083286125,-0.33175197023068514,-0.33122482371729817,-0.33192768573514747,-0.33192768573514747
5,IG,-0.14826935412202996,0.0042985894083286125,-0.3315762547262228,-0.33122482371729817,-0.33192768573514747,-0.3315762547262228
6,IG,-0.1472197221398737,0.0042985894083286125,-0.33175197023068514,-0.33122482371729817,-0.33192768573514747,-0.33192768573514747
7,IG,-0.14721972213987367,0.0042985894083286125,-0.33192768573514747,-0.33192768573514747,-0.33192768573514747,-0.33192768573514747
8,IG,-0.14635614533220276,0.0042985894083286125,-0.33175197023068514,-0.33122482371729817,-0.33192768573514747,-0.33192768573514747
9,IG,-0.14826985763407788,0.0042985894083286125,-0.3315762547262228,-0.33122482371729817,-0.33192768573514747,-0.3315762547262228
10,IG,-0.14635643351374614,0.0042985894083286125,-0.3315762547262228,-0.33122482371729817,-0.33192768573514747,-0.3315762547262228
11,IG,-0.148270462559241,0.0042985894083286125,-0.3315762547262228,-0.33122482371729817,-0.33192768573514747,-0.3315762547262228
12,IG,-0.1512285243823763,0.0042985894083286125,-0.3315762547262228,-0.33122482371729817,-0.33192768573514747,-0.3315762547262228
13,IG,-0.14827107304031314,0.0042985894083286125,-0.3315762547262228,-0.33122482371729817,-0.33192768573514747,-0.3315762547262228
14,IG,-0.15339841853460376,0.0042985894083286125,-0.33175197023068514,-0.33122482371729817,-0.33192768573514747,-0.33192768573514747
15,IG,-0.1495740408758246,0.0042985894083286125,-0.3315762547262228,-0.33122482371729817,-0.33192768573514747,-0.3315762547262228
16,IG,-0.1533995316496955,0.0042985894083286125,-0.3315762547262228,-0.33122482371729817,-0.33192768573514747,-0.3315762547262228
17,IG,-0.16684946103556225,0.0042985894083286125,-0.33175197023068514,-0.33122482371729817,-0.33192768573514747,-0.33192768573514747
18,IG,-0.16684946103556222,0.0042985894083286125,-0.33192768573514747,-0.33192768573514747,-0.33192768573514747,-0.33192768573514747
19,IG,-0.16055942930163253,0.0042985894083286125,-0.33175197023068514,-0.33122482371729817,-0.33192768573514747,-0.33192768573514747
0,IG,0.10887022498849787,0.0017548999157759315,-0.7711313838922488,-0.7459322496675816,-0.8439727656481444,-0.7473102601266347
1,IG,0.648256476646257,0.16420436597370802,-0.8442399909540591,-0.7473102601266347,-0.9020588321223889,-0.8637954357836064
2,IG,0.6914651847421602,0.0017548999157759315,-0.7813545097473366,-0.7459322496675816,-0.8862432795275482,-0.7466212548971082
3,IG,0.6378092654086961,0.16420436597370802,-0.796040216104632,-0.7459322496675816,-0.8486008995637914,-0.7948138575935777
4,IG,0.6428804677560768,0.16420436597370802,-0.8452899761050259,-0.8424360112429149,-0.8538518706913589,-0.8424360112429149
5,IG,0.6456010935272053,0.16420436597370802,-0.8583575454492147,-0.8436954655195736,-0.9023437852381381,-0.8436954655195736
6,IG,0.6703301734294853,0.16420436597370802,-0.7704026926761782,-0.7459322496675816,-0.8424360112429149,-0.7466212548971082
7,IG,0.6514386239273308,0.16420436597370802,-0.8343710501854511,-0.8014923701388659,-0.8486008995637914,-0.8436954655195736
8,IG,0.6409262763205532,0.16420436597370802,-0.8643132584969424,-0.8424360112429149,-0.8984074861098823,-0.8582047683174863
9,IG,0.6652071416611928,0.16420436597370802,-0.7700757136966957,-0.7459322496675816,-0.8425061057840382,-0.7459322496675816
10,IG,0.6554057729033774,0.16420436597370802,-0.8296063905350032,-0.7473102601266347,-0.8862432795275482,-0.8424360112429149
11,IG,0.6504251664301114,0.16420436597370802,-0.8186249344182462,-0.7459322496675816,-0.8436954655195736,-0.8424360112429149
12,IG,0.6273756517499025,0.16420436597370802,-0.8040366774807761,-0.746151012273475,-0.8789899720034214,-0.7955028628231042
13,IG,0.6485592638102847,0.16420436597370802,-0.7881328619138532,-0.7473102601266347,-0.8436954655195736,-0.7807628610046021
14,IG,0.6453930417709232,0.16420436597370802,-0.7796014156239521,-0.7459322496675816,-0.8236707825627262,-0.7744013151327502
15,IG,0.6702612079923833,0.16420436597370802,-0.8186249344182464,-0.7459322496675816,-0.8436954655195736,-0.8424360112429149
16,IG,0.6715009217719838,0.16420436597370802,-0.8036827531081117,-0.7459322496675816,-0.8790524913953153,-0.7948731356847748
17,IG,0.6739799017041661,0.16420436597370802,-0.8427508748120796,-0.8424360112429149,-0.8436954655195736,-0.8424360112429149
18,IG,0.6717142833351436,0.16420436597370802,-0.8265854931923275,-0.7473102601266347,-0.9023802395171913,-0.8283257365627422
19,IG,0.6751075606798876,0.0017548999157759315,-0.820195795544064,-0.7473102601266347,-0.8486008995637914,-0.8424360112429149
0,IG,-0.05276649336888859,0.08090611875751308,-0.743598160279813,-0.7405792152548836,-0.7446044752881227,-0.7446044752881227
1,IG,-0.09649610865112809,0.08090611875751308,-0.7415855302631933,-0.7405792152548836,-0.7446044752881227,-0.7405792152548836
2,IG,-0.09649610865112809,0.08090611875751308,-0.7446044752881227,-0.7446044752881227,-0.7446044752881227,-0.7446044752881227
3,IG,-0.09912199771614764,0.08090611875751308,-0.743598160279813,-0.7405792152548836,-0.7446044752881227,-0.7446044752881227
4,IG,-0.10071820796515811,0.08090611875751308,-0.743598160279813,-0.7405792152548836,-0.7446044752881227,-0.7446044752881227
5,IG,-0.10258395030274504,0.08090611875751308,-0.7415855302631933,-0.7405792152548836,-0.7446044752881227,-0.7405792152548836
6,IG,-0.10258395030274507,0.08090611875751308,-0.7405792152548836,-0.7405792152548836,-0.7405792152548836,-0.7405792152548836
7,IG,-0.10289041007665557,0.08090611875751308,-0.7425918452715031,-0.7405792152548836,-0.7446044752881227,-0.7425918452715031
8,IG,-0.10261928377235942,0.08090611875751308,-0.7415855302631933,-0.7405792152548836,-0.7446044752881227,-0.7405792152548836
9,IG,-0.10307782198437922,0.08090611875751308,-0.7415855302631933,-0.7405792152548836,-0.7446044752881227,-0.7405792152548836
10,IG,-0.09050813910192647,0.08090611875751308,-0.7421180458262222,-0.7386840174737603,-0.7446044752881227,-0.7425918452715031
11,IG,-0.1522748807694243,0.08090611875751308,-0.7411117308179125,-0.7386840174737603,-0.7446044752881227,-0.7405792152548836
12,IG,-0.2488911484562608,0.08090611875751308,-0.7421180458262223,-0.7386840174737603,-0.7446044752881227,-0.7425918452715031
13,IG,-0.2707902595794788,0.08090611875751308,-0.7415855302631933,-0.7405792152548836,-0.7446044752881227,-0.7405792152548836
14,IG,-0.32568126522177604,0.12635091889273586,-0.742591845271503,-0.7405792152548836,-0.7446044752881227,-0.7425918452715031
15,IG,-0.26150473013176606,0.08090611875751308,-0.7415855302631933,-0.7405792152548836,-0.7446044752881227,-0.7405792152548836
16,IG,-0.23757729604648317,0.08090611875751308,-0.742591845271503,-0.7405792152548836,-0.7446044752881227,-0.7425918452715031
17,IG,-0.19601102083345037,0.08090611875751308,-0.7411117308179125,-0.7386840174737603,-0.7446044752881227,-0.7405792152548836
18,IG,-0.18739595738348078,0.08090611875751308,-0.7411117308179125,-0.7386840174737603,-0.7446044752881227,-0.7405792152548836
19,IG,-0.20352470219473018,0.08090611875751308,-0.742591845271503,-0.7405792152548836,-0.7446044752881227,-0.7425918452715031
0,IG,-0.15833254153093818,0.041239335140899946,0.6123165957800861,0.6153940870546132,0.6112907653552437,0.6112907653552437
1,IG,-0.32319403498453525,0.0003391623254951348,0.5972698596281912,0.6112907653552437,0.5873462120602178,0.5952212305486517
2,IG,-0.08507117502341527,0.041239335140899946,0.6007232125951566,0.6112907653552437,0.5873462120602178,0.6021279364825824
3,IG,-0.06894322006374175,0.041239335140899946,0.6063304574563296,0.6153940870546132,0.5873462120602178,0.6112907653552437
4,IG,-0.0709351366907593,0.041239335140899946,0.6117081933336304,0.612125621312017,0.6112907653552437,0.6117081933336304
5,IG,-0.18599347321775028,0.041239335140899946,0.6099265047521966,0.6112907653552437,0.6060587855663445,0.611178234043599
6,IG,-0.11919717471647684,0.041239335140899946,0.605710084652932,0.6128566819352906,0.587416053232698,0.6112838017218696
7,IG,-0.3516878409936745,0.0003391623254951348,0.6056398405206765,0.6128566819352906,0.5873462120602178,0.611178234043599
8,IG,-0.11791079813592645,0.041239335140899946,0.5981382488154173,0.6112907653552437,0.5868329762247152,0.5972146268408551
9,IG,-0.08148551997680203,0.041239335140899946,0.6065391714455229,0.6153940870546132,0.5873462120602178,0.6117081933336304
10,IG,-0.5517216990102921,0.015420675589283173,0.6052361653098962,0.612125621312017,0.5868329762247152,0.6109930318514264
11,IG,-0.23431389279514497,0.041239335140899946,0.6062143268579411,0.6112907653552437,0.5957984802827488,0.6088840308968859
12,IG,-0.11543842996569854,0.041239335140899946,0.6046137300634651,0.610695298347609,0.587416053232698,0.6101717843367768
13,IG,-0.08364535603944645,0.041239335140899946,0.6066383196534897,0.612125621312017,0.5929651076099213,0.6107312748460103
14,IG,-0.17665967219323472,0.041239335140899946,0.6081034234752851,0.6112907653552437,0.599658744575398,0.6107320919852494
15,IG,-0.13853805340077235,0.041239335140899946,0.6119805848696469,0.6153940870546132,0.6101717843367768,0.611178234043599
16,IG,-0.07179965605132584,0.041239335140899946,0.6053046270314872,0.6112907653552437,0.5873462120602178,0.6112907653552437
17,IG,-0.04200463161700395,0.041239335140899946,0.6053046270314872,0.6112907653552437,0.5873462120602178,0.6112907653552437
18,IG,0.025234279377266612,0.041239335140899946,0.6025825409594412,0.612125621312017,0.587416053232698,0.605394244646525
19,IG,0.04893025300482633,0.041239335140899946,0.605612421895811,0.6127470074358286,0.5873462120602178,0.611178234043599
0,IG,0.7943559134757809,0.0,0.18565845595743816,0.4837290158322918,-0.43777701686683407,0.34834091243214743
1,IG,0.7526766227132075,0.0,0.008455901958330014,0.5610367291348408,-0.43777701686683407,-0.04471805221734332
2,IG,0.7684186800530546,0.0,-0.03341589242813503,0.4837290158322918,-0.43777701686683407,-0.08980778433899893
3,IG,0.8243918702499272,0.0,0.13544836578357086,0.34834091243214743,-0.2444831319081426,0.2189678413051393
4,IG,0.8184116525682699,0.0,0.17278837845662898,0.4837290158322918,-0.43777701686683407,0.3226007574305291
5,IG,0.6846412798318925,0.0,-0.08790407259422996,0.34834091243214743,-0.43777701686683407,-0.13109009297111662
6,IG,0.6623863054834492,0.0,0.056779373198002886,0.5610367291348408,-0.43777701686683407,0.05192889026200241
7,IG,0.7116456521198347,0.0,0.25439294265482754,0.5662525487228974,-0.43777701686683407,0.4445481193816234
8,IG,0.741180848482548,0.0,0.28473933496086334,0.5468849045607679,-0.43777701686683407,0.5149247260747597
9,IG,0.7033998601959079,0.0,0.05809189999048514,0.5610367291348408,-0.43777701686683407,0.05455394384696691
10,IG,0.6924292628728828,0.0,0.0031283597997289053,0.5468849045607679,-0.4449353609271656,-0.04471805221734332
11,IG,0.7452730986565592,0.0,-0.30485868305711283,0.09751578677201478,-0.4413964852667979,-0.43777701686683407
12,IG,0.74893740252959,0.0,-0.2412475345420887,0.34834091243214743,-0.43777701686683407,-0.43777701686683407
13,IG,0.7531941601081583,0.0,0.30047883877246445,0.5468849045607679,-0.004295396227802717,0.3296629233784463
14,IG,0.753182110953858,0.0,-0.18986316638149825,0.5610367291348408,-0.4449353609271656,-0.43777701686683407
15,IG,0.7864626808101453,0.0,0.10468230442835866,0.5468849045607679,-0.43777701686683407,0.1548106650097504
16,IG,0.7768928366898756,0.0,0.04676403929422977,0.5610367291348408,-0.43777701686683407,0.03189822245445617
17,IG,0.7807987152866889,0.0,-0.36881239131110233,-0.2444831319081426,-0.43777701686683407,-0.3964947082347164
18,IG,0.8140144820152264,0.0,0.05809189999048514,0.5610367291348408,-0.43777701686683407,0.05455394384696691
19,IG,0.8139188459911614,0.0,-0.20759162575293766,0.48296454758875157,-0.43777701686683407,-0.43777701686683407
0,IG,-0.021528346495790312,0.02678626383901117,-0.1400913891041305,-0.13473122184720251,-0.1418781115231065,-0.1418781115231065
1,IG,-0.5315381549196818,0.02678626383901117,-0.13567723659903438,-0.131368391178626,-0.1418781115231065,-0.13473122184720251
2,IG,-0.5336257392558723,0.02678626383901117,-0.1400913891041305,-0.13473122184720251,-0.1418781115231065,-0.1418781115231065
3,IG,-0.14344155793256586,0.02678626383901117,-0.13764723903172618,-0.131368391178626,-0.1418781115231065,-0.13867122671258608
4,IG,-0.35268911765175953,0.02678626383901117,-0.13746395901801037,-0.131368391178626,-0.1418781115231065,-0.1383046666851545
5,IG,-0.23550542835189778,0.02678626383901117,-0.1383046666851545,-0.13473122184720251,-0.1418781115231065,-0.1383046666851545
6,IG,-0.295283119078315,0.02678626383901117,-0.1402746691178463,-0.1354643419020657,-0.1418781115231065,-0.1418781115231065
7,IG,-0.33999066277944984,0.02678626383901117,-0.13567723659903438,-0.131368391178626,-0.1418781115231065,-0.13473122184720251
8,IG,-0.22981180308893148,0.02678626383901117,-0.1365179442661785,-0.13473122184720251,-0.1418781115231065,-0.13473122184720251
9,IG,-0.01685940808784665,0.02678626383901117,-0.1368845042936101,-0.13473122184720251,-0.1418781115231065,-0.1354643419020657
10,IG,0.5326498295135201,0.013172117313322962,-0.13586051661275017,-0.131368391178626,-0.1418781115231065,-0.13509778187463412
11,IG,0.6249654562104326,0.0,-0.13567723659903438,-0.131368391178626,-0.1418781115231065,-0.13473122184720251
12,IG,0.4551853845522308,0.013172117313322962,-0.1400913891041305,-0.13473122184720251,-0.1418781115231065,-0.1418781115231065
13,IG,0.15450847207883142,0.013172117313322962,-0.13764723903172615,-0.131368391178626,-0.1418781115231065,-0.13867122671258608
14,IG,-0.027580046929797743,0.013172117313322962,-0.13867122671258608,-0.1354643419020657,-0.1418781115231065,-0.13867122671258608
15,IG,0.32623685929107343,0.013172117313322962,-0.1400913891041305,-0.13473122184720251,-0.1418781115231065,-0.1418781115231065
16,IG,0.17818293029775603,0.013172117313322962,-0.1400913891041305,-0.13473122184720251,-0.1418781115231065,-0.1418781115231065
17,IG,0.5354446439492198,0.013172117313322962,-0.13746395901801037,-0.131368391178626,-0.1418781115231065,-0.1383046666851545
18,IG,0.9556046054583689,0.0,-0.13746395901801037,-0.131368391178626,-0.1418781115231065,-0.1383046666851545
19,IG,0.5792771616527971,0.013172117313322962,-0.1383046666851545,-0.13473122184720251,-0.1418781115231065,-0.1383046666851545
0,IG,0.3122002926363961,0.4977765997125716,0.7261703433732934,0.7261703433732934,0.7261703433732934,0.7261703433732934
1,IG,0.5121614597569163,0.0,0.625144867691567,0.8151052027153316,0.5202541785954294,0.5826100447277535
2,IG,0.6130337803632275,0.0,0.6969250170143371,0.8151052027153316,0.5202541785954294,0.7261703433732934
3,IG,0.6445024911613131,0.0,0.7710207199944367,0.8166369905158279,0.7261703433732934,0.7706377730443126
4,IG,0.5661809774850544,0.0,0.6283482130469951,0.7261703433732934,0.5202541785954294,0.6334841651096287
5,IG,0.6058903832869798,0.0,0.7263588717658389,0.8151052027153316,0.6379895976014374,0.7261703433732934
6,IG,0.7672757032792598,0.0,0.5882557322925319,0.7261703433732934,0.44767603978842424,0.589588273004205
7,IG,0.7643103206177204,0.0,0.5621201676850196,0.7261703433732934,0.4790491059244157,0.5216306107211846
8,IG,0.759311495103102,0.0,0.6308190307812123,0.7565974225606964,0.5202541785954294,0.6232122609843614
9,IG,0.7670620111908819,0.0,0.6730758347954828,0.8366897792757404,0.5202541785954294,0.6676796906553806
10,IG,0.7798098736146255,0.0,0.6677064716429197,0.8366897792757404,0.5202541785954294,0.6569409643502546
11,IG,0.7815199154088668,0.0,0.7107142784941084,0.8561269656913475,0.445454602196461,0.7706377730443126
12,IG,0.7827745100291461,0.0,0.6905486564779786,0.8151052027153316,0.4947487364499956,0.7261703433732934
13,IG,0.7831891939429269,0.0,0.575649987475787,0.8166369905158279,0.445454602196461,0.5202541785954294
14,IG,0.7769790956320617,0.0,0.6425591939022679,0.8151052027153316,0.445454602196461,0.6548384853486394
15,IG,0.7803361857123737,0.0,0.7475544847257065,0.8366897792757404,0.5202541785954294,0.8166369905158279
16,IG,0.7808509093804049,0.0,0.6458289227699952,0.8166369905158279,0.5202541785954294,0.6232122609843614
17,IG,0.7833331508948429,0.0,0.7352421839400437,0.8561269656913475,0.543566223980202,0.7706377730443126
18,IG,0.7833268457123257,0.0,0.6232122609843614,0.7261703433732934,0.5202541785954294,0.6232122609843614
19,IG,0.7829993365106968,0.0,0.6526461157358635,0.7261703433732934,0.5202541785954294,0.6820799704873655
0,IG,0.549840566159068,0.0,0.013754500083801195,0.3463039134740948,-0.3031162173939391,0.0059151521275245655
1,IG,0.9586899902358885,0.3768550700963238,0.26711053702075954,0.6127832146055068,-0.009503547047769244,0.23258124026265029
2,IG,0.9411945360195556,0.1925432095850106,-0.1736667642415558,0.021333851302818375,-0.3031162173939391,-0.20644234543755124
3,IG,0.9354217705888608,0.1925432095850106,0.4373049176940446,0.6127832146055068,0.3463039134740948,0.3950662713482885
4,IG,0.9351867768231849,0.1925432095850106,0.33541329612965254,0.793833572734199,-0.3031162173939391,0.4254679145891751
5,IG,0.9318510772150007,0.1925432095850106,0.09975477089154107,0.6833366893332814,-0.3031162173939391,0.009399305813410993
6,IG,0.9169120213325583,0.1925432095850106,-0.13916538843111526,-0.009503547047769244,-0.3031162173939391,-0.1220208946413763
7,IG,0.9162583537235613,0.1925432095850106,0.0546978111536272,0.5598337494803663,-0.3031162173939391,-0.0189631437359592
8,IG,0.9163901183320238,0.1925432095850106,0.21458878002929327,0.793833572734199,-0.3031162173939391,0.1838188823884566
9,IG,0.9064778043811978,0.1925432095850106,0.225022045783805,0.4284502435275322,-0.3031162173939391,0.3873770785008135
10,IG,0.9064507649813092,0.1925432095850106,0.2025032815581165,0.6127832146055068,-0.17040785314995405,0.1838188823884566
11,IG,0.9073190781952502,0.1925432095850106,0.3239718736264818,0.6127832146055068,-0.009503547047769244,0.3463039134740948
12,IG,0.8944641055445648,0.1925432095850106,-0.14832617076353635,-0.009503547047769244,-0.3031162173939391,-0.14034245930621853
13,IG,0.8494969918816941,0.1925432095850106,0.4856893342758477,0.7266944549401466,-0.009503547047769244,0.6127832146055068
14,IG,0.8721520396819611,0.1925432095850106,0.38303141467730206,0.6127832146055068,-0.3031162173939391,0.6112293307488202
15,IG,0.872078385561764,0.1925432095850106,-0.06889347791377905,0.36835801203873103,-0.3031162173939391,-0.17040785314995405
16,IG,0.8558250907647381,0.1925432095850106,0.44972865848944277,0.6177349368445919,0.22209256903357763,0.4795435640398008
17,IG,0.9535076821652352,0.1925432095850106,0.45876633642687487,0.793833572734199,-0.2548881309654877,0.6480599519693941
18,IG,0.9501620596359773,0.1925432095850106,0.2815683196533721,0.7266944549401466,-0.23453824223498337,0.3170585329541626
19,IG,0.9740071990501817,0.1925432095850106,0.22727439189376558,0.4284502435275322,-0.23453824223498337,0.35759278314125675
0,IG,-0.6032032290083507,0.016802442919681027,-0.22229473838908348,-0.21914255429037183,-0.22334546642198735,-0.22334546642198735
1,IG,0.7505015207646308,0.0,-0.2208072956603146,-0.21725615778651705,-0.22334546642198735,-0.22131377921637696
2,IG,0.8465693514787552,0.0006506090566674727,-0.22301025158741722,-0.2226750367528471,-0.22334546642198735,-0.22301025158741722
3,IG,0.7168232162312856,0.0038116872698109594,-0.22022816675337437,-0.21914255429037183,-0.22334546642198735,-0.2192123231505692
4,IG,0.8165921385872045,0.0006506090566674727,-0.22212713097179843,-0.21914255429037183,-0.22334546642198735,-0.22301025158741722
5,IG,0.8165921385872044,0.0006506090566674727,-0.22334546642198735,-0.22334546642198735,-0.22334546642198735,-0.22334546642198735
6,IG,0.8397903285724039,0.0,-0.2187058395945068,-0.21725615778651705,-0.2192820920107666,-0.21914255429037183
7,IG,0.8397903285724038,0.0,-0.22334546642198735,-0.22334546642198735,-0.22334546642198735,-0.22334546642198735
8,IG,0.6849876075082446,0.0,-0.22229473838908348,-0.21914255429037183,-0.22334546642198735,-0.22334546642198735
9,IG,-0.3968427739961311,0.013120954816831287,-0.22026305118347306,-0.21914255429037183,-0.22334546642198735,-0.2192820920107666
10,IG,0.5458550634629061,0.007982349784405929,-0.22127889478627827,-0.21914255429037183,-0.22334546642198735,-0.22131377921637696
11,IG,-0.27324897972390627,0.015136736100983983,-0.22165553184583472,-0.21725615778651705,-0.22334546642198735,-0.22301025158741722
12,IG,-0.6038767678495431,0.016802442919681027,-0.22229473838908348,-0.21914255429037183,-0.22334546642198735,-0.22334546642198735
13,IG,0.04026550220519413,0.007982349784405929,-0.2207724112302159,-0.21725615778651705,-0.22334546642198735,-0.22124401035617958
14,IG,0.41051944854699957,0.004866470034108339,-0.22124401035617958,-0.21914255429037183,-0.22334546642198735,-0.22124401035617958
15,IG,0.48012725706016024,0.004866470034108339,-0.22019328232327573,-0.21914255429037183,-0.22334546642198735,-0.21914255429037183
16,IG,0.2218685225618045,0.007982349784405929,-0.22111128736899321,-0.21914255429037183,-0.22334546642198735,-0.22097856438180685
17,IG,-0.27831866278296163,0.015136736100983983,-0.22124401035617958,-0.21914255429037183,-0.22334546642198735,-0.22124401035617958
18,IG,-0.4223847651750338,0.015136736100983983,-0.22232962281918217,-0.2192820920107666,-0.22334546642198735,-0.22334546642198735
19,IG,-0.24486733497977342,0.007982349784405929,-0.22002567490599062,-0.21914255429037183,-0.2226750367528471,-0.21914255429037183
0,IG,-0.772915674321197,0.016149943142401924,-0.3086228170667771,-0.3071184852149684,-0.3101271489185857,-0.3086228170667771
1,IG,-0.827216885623812,0.016149943142401924,-0.30856933024780353,-0.30389587423545683,-0.3101271489185857,-0.3101271489185857
2,IG,-0.7770814710025792,0.016149943142401924,-0.3077821162821685,-0.3037556820765341,-0.3101271489185857,-0.3086228170667771
3,IG,-0.7521063501043757,0.016149943142401924,-0.3077821162821685,-0.3037556820765341,-0.3101271489185857,-0.3086228170667771
4,IG,-0.8381087543030548,0.016149943142401924,-0.3072353838945606,-0.30389587423545683,-0.3101271489185857,-0.30745925621209996
5,IG,-0.8141380639334795,0.016149943142401924,-0.30781716432189915,-0.30389587423545683,-0.3101271489185857,-0.3086228170667771
6,IG,-0.8185760411217254,0.016149943142401924,-0.30856933024780353,-0.30389587423545683,-0.3101271489185857,-0.3101271489185857
7,IG,-0.8232822886274183,0.016149943142401924,-0.3070115115770213,-0.30389587423545683,-0.3101271489185857,-0.3070115115770213
8,IG,-0.8232822886274183,0.016149943142401924,-0.3101271489185857,-0.3101271489185857,-0.3101271489185857,-0.3101271489185857
9,IG,-0.8116308868281263,0.016149943142401924,-0.30622429761138625,-0.3037556820765341,-0.3101271489185857,-0.3055071797252126
10,IG,-0.8337482349970817,0.016149943142401924,-0.3086228170667771,-0.3071184852149684,-0.3101271489185857,-0.3086228170667771
11,IG,-0.8331586344041833,0.016149943142401924,-0.30856933024780353,-0.30389587423545683,-0.3101271489185857,-0.3101271489185857
12,IG,-0.8244507959279512,0.016149943142401924,-0.3093749829926814,-0.3071184852149684,-0.3101271489185857,-0.3101271489185857
13,IG,-0.8393285928670317,0.016149943142401924,-0.3086228170667771,-0.3071184852149684,-0.3101271489185857,-0.3086228170667771
14,IG,-0.8342662370151245,0.01768004013896385,-0.30946017574196427,-0.30745925621209996,-0.3101271489185857,-0.3101271489185857
15,IG,-0.8416184019111898,0.01768004013896385,-0.3093749829926814,-0.3071184852149684,-0.3101271489185857,-0.3101271489185857
16,IG,-0.8416184019111895,0.01768004013896385,-0.3101271489185857,-0.3101271489185857,-0.3101271489185857,-0.3101271489185857
17,IG,-0.8402692648079815,0.01768004013896385,-0.30856933024780353,-0.30389587423545683,-0.3101271489185857,-0.3101271489185857
18,IG,-0.8243296492113306,0.01768004013896385,-0.3087932025653428,-0.30745925621209996,-0.3101271489185857,-0.3087932025653428
19,IG,-0.8354892110373874,0.01768004013896385,-0.3093749829926814,-0.3071184852149684,-0.3101271489185857,-0.3101271489185857
0,IG,0.7293582955567051,0.00019816096543712192,0.7335839756969811,0.7943127527855638,0.7121156883920314,0.7139537308051648
1,IG,0.732779309065489,0.00019816096543712192,0.7134942202018815,0.7139537308051648,0.7121156883920314,0.7139537308051648
2,IG,0.7348665315993068,0.00019816096543712192,0.7386761483312765,0.8165194857358781,0.7121156883920314,0.713034709598598
3,IG,0.7312200225645402,0.00019816096543712192,0.7189956158375406,0.7359593133478013,0.7121156883920314,0.7139537308051648
4,IG,0.7329808618094225,0.00019816096543712192,0.72709917903784,0.7644784806048883,0.7121156883920314,0.7159012735772201
5,IG,0.7350668416184034,0.00019816096543712192,0.7134942202018815,0.7139537308051648,0.7121156883920314,0.7139537308051648
6,IG,0.7371275798945213,0.00019816096543712192,0.724098861727731,0.7524772113644519,0.7121156883920314,0.7159012735772201
7,IG,0.7327896890678057,0.00019816096543712192,0.7130347095985982,0.7139537308051648,0.7121156883920314,0.713034709598598
8,IG,0.7326311763927511,0.00019816096543712192,0.7589734343659409,0.8029646163612285,0.7121156883920314,0.7604067163552519
9,IG,0.7276801027459138,0.0,0.7349314374911124,0.7978645575489554,0.7139537308051648,0.7139537308051648
10,IG,0.7292113429693307,0.0,0.7577277526234332,0.8165194857358781,0.7139537308051648,0.7502188969763448
11,IG,0.7307329197644432,0.00019816096543712192,0.7134942202018815,0.7139537308051648,0.7121156883920314,0.7139537308051648
12,IG,0.7269749057014011,0.0,0.725665897048529,0.7644784806048883,0.7121156883920314,0.713034709598598
13,IG,0.7248673500373725,0.0,0.7354456982738568,0.7978645575489554,0.7121156883920314,0.7159012735772201
14,IG,0.7270588830012752,0.0,0.7286264859773623,0.7524772113644519,0.7121156883920314,0.7249565220764831
15,IG,0.727096812000233,0.0,0.7362064521941808,0.8029646163612285,0.7139537308051648,0.7139537308051648
16,IG,0.7282192101129387,0.0,0.7386761483312765,0.8165194857358781,0.7121156883920314,0.713034709598598
17,IG,0.7294052468321671,0.00019816096543712192,0.7134942202018815,0.7139537308051648,0.7121156883920314,0.7139537308051648
18,IG,0.7305678777311604,0.00019816096543712192,0.7134942202018815,0.7139537308051648,0.7121156883920314,0.7139537308051648
19,IG,0.7270289277100854,0.0,0.7134942202018815,0.7139537308051648,0.7121156883920314,0.7139537308051648
0,IG,0.4478793449166657,0.021606768278843003,0.22812625150442506,0.3354114889052164,-0.06574135379145656,0.3214174354519702
1,IG,0.8825315600217885,0.021606768278843003,0.3064679390519525,0.49425452603359704,0.08878235927027256,0.3214174354519702
2,IG,0.8215860909861797,0.0,0.13156047710005597,0.46315020795215295,-0.06720348742131511,0.06514759393469302
3,IG,0.8475772183315693,0.0,0.19761108451288006,0.2491060968432021,0.09619560270427353,0.22257131925202234
4,IG,0.7557848234070678,0.021606768278843003,0.1452496303654509,0.3785318737693589,-0.06720348742131511,0.1348350675568799
5,IG,0.9333051638102325,0.0,0.14676051992258962,0.3074817339343394,-0.06574135379145656,0.17265084977373782
6,IG,0.9228183073862768,0.0,0.2758314920250443,0.4189467928267391,-0.06720348742131511,0.3757913313473766
7,IG,0.9309262791068518,0.0,0.04029043164740309,0.3856757683977485,-0.09303133422522299,-0.06574135379145656
8,IG,0.9312427917600099,0.0,0.13410253718525586,0.3354114889052164,-0.06720348742131511,0.13410107362856108
9,IG,0.9188133215338201,0.0,0.2651800012939073,0.4189467928267391,0.1960365416608426,0.22286833534402367
10,IG,0.8872735095481609,0.0,0.061763442613104916,0.1960365416608426,-0.06904219202515728,0.06002971040836718
11,IG,0.8823301985946269,0.0,0.15151947269567143,0.49425452603359704,-0.06574135379145656,0.08878235927027256
12,IG,0.8789813651747661,0.0,0.24429617531352657,0.3354114889052164,0.1960365416608426,0.22286833534402367
13,IG,0.8748503896290185,0.0,0.2349516164750791,0.4720277204276334,-0.09303133422522299,0.280405039848953
14,IG,0.8355614786976373,0.0,0.25954578395385147,0.4720277204276334,-0.09303133422522299,0.32959337480649775
15,IG,0.7943005926003464,0.0,0.3307123409014897,0.49425452603359704,0.08878235927027256,0.3699062391510446
16,IG,0.7911416999337808,0.0,0.21317993325138515,0.3354114889052164,-0.06574135379145656,0.2915247989458904
17,IG,0.7739928876927513,0.0,0.10647253219947546,0.33394350104857873,-0.09303133422522299,0.09248898098727304
18,IG,0.776032435331381,0.0,0.14053794051348914,0.4712243210434313,-0.09303133422522299,0.09197938761787411
19,IG,0.7644686335074492,0.0,0.2782988820434965,0.4189467928267391,0.1960365416608426,0.2491060968432021
0,IG,0.5382058806090408,0.0,-0.32124487491790793,-0.077583880124693,-0.49492977212393324,-0.3562329237115027
1,IG,0.48355264838947615,0.0,-0.28176081082387233,-0.14262195399198244,-0.33853539016761836,-0.3229429495679442
2,IG,0.8770792493356744,0.0,-0.5621514450737554,-0.33853539016761836,-0.7544152327921687,-0.5778275786676172
3,IG,0.8812475532610604,0.0,-0.43322780033287556,-0.077583880124693,-0.7023575401703037,-0.47648489051825277
4,IG,0.8751735352765022,0.0,-0.3873884809446424,-0.12269568743481012,-0.7067935169213507,-0.3600323597112044
5,IG,0.9135269945960711,0.0,-0.41807863876521467,-0.3194297011310444,-0.6101537124055634,-0.3713655707621254
6,IG,0.9491220981226475,0.0,-0.4786631287007777,-0.3264561980048441,-0.6289075645117999,-0.4796443761432334
7,IG,0.9489837618979999,0.0,-0.47324183413377,-0.303789775903002,-0.633813798115434,-0.477681881258322
8,IG,0.9723156706791115,0.0,-0.40895319827480847,-0.3194297011310444,-0.5003584408328666,-0.40801232556766137
9,IG,0.9728768817194388,0.0,-0.6137302336010414,-0.077583880124693,-0.9079928413234608,-0.734672106478006
10,IG,0.9733046213427982,0.0,-0.5770392284079549,-0.077583880124693,-0.7716847974336305,-0.729444118036748
11,IG,0.9794385117271827,0.0,-0.432952506305469,-0.3194297011310444,-0.7544152327921687,-0.3289825456493314
12,IG,0.9767390955513139,0.0,-0.36374075798104377,-0.11586467692338234,-0.6266325075777872,-0.3562329237115027
13,IG,0.9817569174556487,0.0,-0.5142218836881063,-0.3264561980048441,-0.7175202456619981,-0.5064555455427915
14,IG,0.9816537456689969,0.0,-0.6340097204454815,-0.077583880124693,-0.9297087982149237,-0.7643731017211546
15,IG,0.9857406169784343,0.0,-0.5323276469952438,-0.3194297011310444,-0.8567921812672996,-0.4765443527913157
16,IG,0.984352980374989,0.0,-0.3889760254211932,-0.077583880124693,-0.743187952035232,-0.36756613476242384
17,IG,0.9801474646388715,0.0,-0.6087662516609114,-0.33853539016761836,-0.743187952035232,-0.6766708322203977
18,IG,0.9791652344315229,0.0,-0.3852779498974719,-0.0763800922402675,-0.7175202456619981,-0.37360573084381093
19,IG,0.9778869420672783,0.0,-0.37199089320558776,-0.11586467692338234,-0.633813798115434,-0.3691425488917672
0,IG,0.1307891389568182,0.006358304088626809,0.6111075647051368,0.6115642662651624,0.610955330851795,0.610955330851795
1,IG,0.37229233545806223,0.006358304088626809,0.6094397802798532,0.6115642662651624,0.6042841931506606,0.610955330851795
2,IG,0.3220745877820632,0.002628168756534377,0.6112597985584787,0.6115642662651624,0.610955330851795,0.6112597985584787
3,IG,-0.4692140907456131,0.01586508957348709,0.6076197620012278,0.610955330851795,0.6042841931506606,0.6076197620012278
4,IG,0.29763439787792667,0.006358304088626809,0.607772866361152,0.6115642662651624,0.6042841931506606,0.6076215030143925
5,IG,0.4632990830518289,0.006358304088626809,0.6079251002144939,0.6115642662651624,0.6042841931506606,0.6079259707210762
6,IG,0.5855993866994079,0.003296358885731321,0.6076197620012278,0.610955330851795,0.6042841931506606,0.6076197620012278
7,IG,0.6108610218755437,0.003296358885731321,0.6079242297079115,0.6115642662651624,0.6042841931506606,0.6079242297079115
8,IG,0.463108334974101,0.006358304088626809,0.6096159407313599,0.6122689080711889,0.6042841931506606,0.610955330851795
9,IG,0.4102917183113713,0.006358304088626809,0.6112597985584787,0.6115642662651624,0.610955330851795,0.6112597985584787
10,IG,0.476725388371082,0.006358304088626809,0.6092875464265114,0.610955330851795,0.6042841931506606,0.610955330851795
11,IG,0.4526615578910392,0.006358304088626809,0.6114120324118205,0.6115642662651624,0.610955330851795,0.6115642662651624
12,IG,0.31966748670604045,0.006358304088626809,0.6076197620012278,0.610955330851795,0.6042841931506606,0.6076197620012278
13,IG,0.31966748670604045,0.006358304088626809,0.610955330851795,0.610955330851795,0.610955330851795,0.610955330851795
14,IG,0.41089459376313053,0.006358304088626809,0.6094397802798532,0.6115642662651624,0.6042841931506606,0.610955330851795
15,IG,0.43609915235271385,0.006358304088626809,0.6111075647051368,0.6115642662651624,0.610955330851795,0.610955330851795
16,IG,0.4530142390934917,0.006358304088626809,0.6095920141331951,0.6115642662651624,0.6042841931506606,0.6112597985584787
17,IG,0.5028875665043256,0.006358304088626809,0.6112597985584787,0.6115642662651624,0.610955330851795,0.6112597985584787
18,IG,0.5028875665043256,0.006358304088626809,0.610955330851795,0.610955330851795,0.610955330851795,0.610955330851795
19,IG,0.3312220549017241,0.006358304088626809,0.6094406507864356,0.6115642662651624,0.6042876751769902,0.610955330851795
0,IG,0.3464306127894568,0.13445958704025895,-0.6438670497840908,-0.5990998076639232,-0.6886342919042584,-0.6438670497840908
1,IG,0.24847250416987443,0.13445958704025895,-0.6829033639292901,-0.6771724359543217,-0.6886342919042584,-0.6829033639292901
2,IG,0.3476204548337569,0.13445958704025895,-0.6699301071587666,-0.6367412648221645,-0.6886342919042584,-0.6771724359543217
3,IG,0.3928021149049871,0.0,-0.6605197428692062,-0.5990998076639232,-0.6886342919042584,-0.6771724359543217
4,IG,0.3935173776457581,0.0,-0.6410015857966067,-0.5990998076639232,-0.6886342919042584,-0.6381361218091225
5,IG,0.3926820943659111,0.0,-0.6800378999418059,-0.6771724359543217,-0.6886342919042584,-0.6771724359543217
6,IG,0.397918449604398,0.0,-0.650411950086167,-0.5990998076639232,-0.6886342919042584,-0.6569568503882431
7,IG,0.3938103086242407,0.0,-0.6800378999418059,-0.6771724359543217,-0.6886342919042584,-0.6771724359543217
8,IG,0.3899082880236926,0.0,-0.6699301071587667,-0.6367412648221645,-0.6886342919042584,-0.6771724359543217
9,IG,0.3935177239280602,0.0,-0.6504119500861669,-0.5990998076639232,-0.6886342919042584,-0.6569568503882431
10,IG,0.39575344026258136,0.0,-0.6670646431712824,-0.6367412648221645,-0.6771724359543217,-0.6771724359543217
11,IG,0.3957534402625813,0.0,-0.6771724359543217,-0.6771724359543217,-0.6771724359543217,-0.6771724359543217
12,IG,0.38988330044071323,0.0,-0.6504119500861669,-0.5990998076639232,-0.6886342919042584,-0.6569568503882431
13,IG,0.39012637229728353,0.0,-0.6410015857966066,-0.5990998076639232,-0.6886342919042584,-0.6381361218091225
14,IG,0.38915147149570245,0.0,-0.6576542788817221,-0.5990998076639232,-0.6771724359543217,-0.6771724359543217
15,IG,0.3838651378910431,0.0,-0.6829033639292901,-0.6771724359543217,-0.6886342919042584,-0.6829033639292901
16,IG,0.37724965142197464,0.0,-0.6829033639292901,-0.6771724359543217,-0.6886342919042584,-0.6829033639292901
17,IG,0.3722255053219674,0.0,-0.6403041573031276,-0.5990998076639232,-0.6886342919042584,-0.6367412648221645
18,IG,0.35452894918114347,0.13445958704025895,-0.6381361218091225,-0.5990998076639232,-0.6771724359543217,-0.6381361218091225
19,IG,0.337158133613451,0.13445958704025895,-0.6727955711462508,-0.6367412648221645,-0.6886342919042584,-0.6829033639292901
0,IG,0.7179050961012279,0.6121726076843723,-0.2644279142505294,-0.012183340325670833,-0.4564614513846843,-0.2945334326458813
1,IG,0.9194350678131429,0.6121726076843723,0.37304831808587313,0.9986829741226827,-0.23990727941433973,0.36670878881757474
2,IG,0.9421849837722154,0.0,-0.25376362163182203,-0.005380866582740846,-0.5840079506372549,-0.21283283465364622
3,IG,0.9796325920149543,0.0,0.07789610604992722,0.4048139079073482,-0.3221756515682145,0.11447308393028757
4,IG,0.9818746930254796,0.0,-0.3119786632183354,0.8174718730733297,-0.7521125598825574,-0.6566369830320569
5,IG,0.9977467779701965,0.0,-0.30643600980504604,0.03805425113508503,-0.48412163780472606,-0.3898383262752716
6,IG,0.9960940164764736,0.0,0.3626922994128403,0.7933170324285016,-0.15365456975705108,0.40555336748995535
7,IG,0.9980418227562452,0.0,-0.3473332501449197,-0.000851287935276282,-0.6828212334117899,-0.35283023961630633
8,IG,0.9985302629715275,0.0,-0.02743750745359754,0.5790166328593743,-0.6186523419578295,-0.03505716035796751
9,IG,0.9985516531504083,0.0,0.001164601085114415,0.8389638805343609,-0.8844450999948554,0.02506981190047613
10,IG,0.9985198037439218,0.0,0.2689750169030366,0.9986829741226827,-0.43661100536083897,0.25691404942515134
11,IG,0.9985075724326368,0.0,0.3461612344326092,0.9986829741226827,-0.2181244811520965,0.3020432223799252
12,IG,0.9977490527779144,0.0,-0.28816054785752515,0.02506981190047613,-0.796103686502324,-0.19080415841412637
13,IG,0.9977472891050525,0.0,0.018910320741630654,0.9986829741226827,-0.8076633743558802,-0.05768915840013991
14,IG,0.9978465158055443,0.0,-0.1673678430324964,0.08730299308247645,-0.4564614513846843,-0.15015645691388887
15,IG,0.9998306497467652,0.0,0.398966750861069,0.7933170324285016,-0.012183340325670833,0.4073666556707226
16,IG,0.997578569249178,0.0,-0.2587805684406023,0.04207475322351101,-0.6158659266777168,-0.23066555015410178
17,IG,0.9994143476519667,0.0,0.27624467541448205,0.732390997487171,-0.8067361095766376,0.5896619068736975
18,IG,0.9994057742339242,0.0,0.07592230427771367,0.4048139079073482,-0.1678448308799537,0.03336007004173005
19,IG,0.9989081191490284,0.0,-0.45532041305854554,-0.0598994547933521,-0.7959137536184593,-0.48273422191118537
0,IG,0.46212897809502385,0.0,-0.5451702393587006,-0.07017488748746294,-0.848465085958942,-0.6310204919941986
1,IG,0.6449010557498849,0.0,-0.20502639269507672,0.4386779148190873,-0.8049353529660528,-0.22692406631667075
2,IG,0.6591278754100616,0.0,-0.1498163637597345,0.17717235936085712,-0.5840108363836211,-0.09621348900808702
3,IG,0.6661102261509044,0.0,-0.27216333900464673,0.39900582722884637,-0.9150002702556065,-0.28632945649591346
4,IG,0.6696682140567882,0.0,-0.32553700623594295,0.4386779148190873,-0.9150002702556065,-0.4129128347536264
5,IG,0.6695281402472465,0.0,-0.09469836911769147,0.5172070805239499,-0.9150002702556065,0.009499856630445357
6,IG,0.6666210738100339,0.0,-0.30778050132913604,0.17717235936085712,-0.6310204919941986,-0.38863693634160135
7,IG,0.665955193310356,0.0,0.17850120231648875,0.5172070805239499,-0.06243473788882456,0.12961623331541477
8,IG,0.6673897440684973,0.0,-0.23583898598868208,0.08917460074835365,-0.8836984216924879,-0.074416061505297
9,IG,0.69740881355528,0.0,-0.3714992817871863,0.08917460074835365,-0.9606502621029257,-0.3072607328970864
10,IG,0.697194957740762,0.0,-0.1676529481595107,0.4386779148190873,-0.9150002702556065,-0.09714471860076185
11,IG,0.6963170995822072,0.0,-0.0723844314059536,0.4386779148190873,-0.6310204919941986,-0.04859757422435154
12,IG,0.6919300737442263,0.0,-0.15773024425093285,0.17005786588247593,-0.848465085958942,0.02374312153636736
13,IG,0.691602205499896,0.0,-0.2942256604776937,0.5172070805239499,-0.949167318061594,-0.37247120218656526
14,IG,0.690179684604627,0.0,-0.027735797980478524,0.5092235884126376,-0.9150002702556065,0.1474167449605274
15,IG,0.6928630920788329,0.0,-0.3176984259936923,0.17005786588247593,-0.9150002702556065,-0.26292564980081934
16,IG,0.6919467495706844,0.0,-0.15742792175690867,0.3921526903451215,-0.6150259003499923,-0.20341923851138197
17,IG,0.6912742877090375,0.0,-0.09187500448128888,0.39900582722884637,-0.7096739324472514,-0.028415956353375245
18,IG,0.6885699162727955,0.0,0.050045224819024375,0.5092235884126376,-0.6310204919941986,0.1609889014288293
19,IG,0.68740740188917,0.0,-0.32971822417378693,0.11766113056019765,-0.6310204919941986,-0.4027567676305734
0,IG,-0.687943700498449,0.26852161719715495,0.7124853755228842,0.7505746280436708,0.6933762613127713,0.7029953063675474
1,IG,0.2830663217983816,0.0,0.7883802343104844,0.8540741435764388,0.7126143514223233,0.7934162211215877
2,IG,0.2876181168882539,0.0,0.7492448112192156,0.8051133611256599,0.6933762613127713,0.7492448112192156
3,IG,0.29420604477213563,0.0,0.80891600541388,0.8515429084753944,0.7472301309853837,0.8184454910973709
4,IG,0.2946952581355774,0.0,0.81870919553791,0.8540741435764388,0.7126143514223233,0.8540741435764388
5,IG,0.2984602935718035,0.0,0.7634459862307199,0.8540741435764388,0.6915951755698497,0.7540573128882957
6,IG,0.30208301258557646,0.0,0.819590909274612,0.8540741435764388,0.7505746280436708,0.8368574327391691
7,IG,0.30408896158636517,0.0,0.7437626698864513,0.8466503372103217,0.6915951755698497,0.7184025833828169
8,IG,0.30558822941506697,0.0,0.7466087120092189,0.8511579374760055,0.6933762613127713,0.7209503246240493
9,IG,0.30680662573207906,0.0,0.7439035266507196,0.8491799770433424,0.6915951755698497,0.7174194769948432
10,IG,0.29430429529060725,0.0,0.7745252693360192,0.8371641059498871,0.6933762613127713,0.7837803550407092
11,IG,0.29550791053443654,0.0,0.7857468102856411,0.8540741435764388,0.6933762613127713,0.7977684181266769
12,IG,0.2977449056965765,0.0,0.7284528561262705,0.83546372630969,0.6915951755698497,0.6933762613127713
13,IG,0.2991601858790804,0.0,0.7309295813207695,0.8051133611256599,0.6933762613127713,0.7126143514223233
14,IG,0.30211801516462483,0.0,0.7899684060659332,0.8435436091117642,0.7434289054528627,0.7864505548495531
15,IG,0.2953084962415166,0.0,0.7102536734394518,0.7434289054528627,0.6915951755698497,0.7029953063675474
16,IG,0.29599353576598086,0.0,0.7857468102856411,0.8540741435764388,0.6933762613127713,0.7977684181266769
17,IG,0.29818984851429653,0.0,0.8152563271285107,0.8540741435764388,0.7472301309853837,0.82986051697611
18,IG,0.30146067473798704,0.0,0.7539055098262587,0.8386288716950722,0.6933762613127713,0.7418084531485957
19,IG,0.2989787164235611,0.0,0.745485093500108,0.7485243879353273,0.741462692676915,0.7459766466940949
0,IG,0.9113858027144546,0.0,-0.4834675039411751,-0.4331567745843439,-0.5354184552009976,-0.4826473929896794
1,IG,0.9111347597646497,0.0,-0.4800176948233978,-0.4331567745843439,-0.5354184552009976,-0.47574777475412483
2,IG,0.9038554003073248,0.0,-0.5055831149775613,-0.4331567745843439,-0.5354184552009976,-0.5268786150624517
3,IG,0.8264908817433857,0.0,-0.47574777475412483,-0.4331567745843439,-0.5183387749239058,-0.47574777475412483
4,IG,0.8060251375336078,0.0,-0.5098530350468342,-0.4331567745843439,-0.5354184552009976,-0.5354184552009976
5,IG,0.8032351241202961,0.0,-0.45872219473850734,-0.4331567745843439,-0.5354184552009976,-0.4331567745843439
6,IG,0.7914349745445314,0.0,-0.43876756553739654,-0.4331567745843439,-0.45559993839655455,-0.4331567745843439
7,IG,0.8150686741287074,0.0,-0.48346750394117505,-0.4331567745843439,-0.5354184552009976,-0.4826473929896794
8,IG,0.8128747162789877,0.0,-0.45872219473850734,-0.4331567745843439,-0.5354184552009976,-0.4331567745843439
9,IG,0.8577154402904689,0.0,-0.460063065622287,-0.4331567745843439,-0.5183387749239058,-0.4443783564904492
10,IG,0.8668828619768925,0.0,-0.4800176948233978,-0.4331567745843439,-0.5354184552009976,-0.47574777475412483
11,IG,0.8566273474716607,0.0,-0.5098530350468342,-0.4331567745843439,-0.5354184552009976,-0.5354184552009976
12,IG,0.8622915550498544,0.0,-0.46006306562228705,-0.4331567745843439,-0.5183387749239058,-0.4443783564904492
13,IG,0.8622915550498543,0.0,-0.4331567745843439,-0.4331567745843439,-0.4331567745843439,-0.4331567745843439
14,IG,0.8694068480355116,0.0,-0.4544522746692344,-0.4331567745843439,-0.5183387749239058,-0.4331567745843439
15,IG,0.8649353482476695,0.0,-0.48428761489267075,-0.4331567745843439,-0.5354184552009976,-0.48428761489267075
16,IG,0.861036346044055,0.0,-0.48428761489267075,-0.4331567745843439,-0.5354184552009976,-0.48428761489267075
17,IG,0.8654300172609186,0.0,-0.48346750394117505,-0.4331567745843439,-0.5354184552009976,-0.4826473929896794
18,IG,0.8621321350508988,0.0,-0.48428761489267075,-0.4331567745843439,-0.5354184552009976,-0.48428761489267075
19,IG,0.8727104438070374,0.0,-0.5098530350468342,-0.4331567745843439,-0.5354184552009976,-0.5354184552009976
0,IG,0.33801315727173353,0.0,-0.6042378863324295,-0.4821044741103796,-0.6652406430381779,-0.6348032140905802
1,IG,0.3366496781012514,0.0,-0.5601107101776817,-0.4821044741103796,-0.6652406430381779,-0.5465488617810845
2,IG,0.33434170718320944,0.0,-0.5862256465706833,-0.5206568818455877,-0.6349603958549844,-0.5946426542910805
3,IG,0.3340079852583942,0.0,-0.6192259143395877,-0.5662746358095286,-0.6652406430381779,-0.6226941892553223
4,IG,0.3335725406995427,0.0,-0.5975060343322823,-0.4821044741103796,-0.6634584559984884,-0.6222306036101308
5,IG,0.3339435721278054,0.0,-0.532139933335179,-0.4821044741103796,-0.6043657851429826,-0.5210447370436768
6,IG,0.3337846332967275,0.0,-0.6194566008062283,-0.4821044741103796,-0.6652406430381779,-0.6652406430381779
7,IG,0.33536014735250363,0.0,-0.5291075269498263,-0.4821044741103796,-0.6120829525510787,-0.5111213405689234
8,IG,0.3353428651317067,0.0,-0.5703367523305723,-0.4821044741103796,-0.6634584559984884,-0.5678920396067106
9,IG,0.3357196763271708,0.0,-0.5410998914030685,-0.4821044741103796,-0.6652406430381779,-0.508527224231858
10,IG,0.33322132228923007,0.0,-0.5671676270857207,-0.5008430609469611,-0.6652406430381779,-0.5512934021788719
11,IG,0.33202607264352574,0.0,-0.5846496053287137,-0.4821044741103796,-0.6652406430381779,-0.5956266520831487
12,IG,0.3304610668695634,0.0,-0.6550931043798923,-0.6477725642753079,-0.6652406430381779,-0.6536796051030418
13,IG,0.33181040520297916,0.0,-0.5884287937588413,-0.4821044741103796,-0.6652406430381779,-0.6031850289434038
14,IG,0.32652341379079247,0.0,-0.6223033740771069,-0.5401382070274674,-0.6652406430381779,-0.641917323121391
15,IG,0.32581543635850835,0.0,-0.5851869710502062,-0.4821044741103796,-0.6652406430381779,-0.5967013835261339
16,IG,0.3215939639829668,0.0,-0.6256158853355754,-0.5693919941959088,-0.6652406430381779,-0.6339154520541077
17,IG,0.3219308015602151,0.0,-0.5226171460018154,-0.4821044741103796,-0.5662746358095286,-0.5210447370436768
18,IG,0.322495960246755,0.0,-0.5515687206499376,-0.4821044741103796,-0.6185940032046043,-0.5527882026423832
19,IG,0.32224598424005074,0.0,-0.6185315303371057,-0.5008430609469611,-0.6652406430381779,-0.6540212086816419
0,IG,0.896055084257843,0.0,0.05166076261652555,0.18259822647488846,-0.09765653624340793,0.06085068011731084
1,IG,0.8960218990640718,0.0,0.0871462300040716,0.61716106716026,-0.13613421571504222,-0.06622096571446567
2,IG,0.8849361775893768,0.003980388708079596,0.12871305577475653,0.4286066069392264,-0.13613421571504222,0.11118991593742095
3,IG,0.8851412471668988,0.003980388708079596,0.3542723425293152,0.61716106716026,-0.04922908325171622,0.4245786931043587
4,IG,0.886808116653962,0.003980388708079596,0.48536918194192197,0.6854254739412678,0.18259822647488846,0.5367265136757657
5,IG,0.8879927833987995,0.003980388708079596,0.25029104431087684,0.6429030485307446,-0.13613421571504222,0.24719767221390251
6,IG,0.8771092178817403,0.003980388708079596,0.2764622261877825,0.4286066069392264,-0.04922908325171622,0.3632356905318099
7,IG,0.8789957933127831,0.003980388708079596,0.40348219025221743,0.5981375069720362,0.15857804015838067,0.4286066069392264
8,IG,0.8796413884335839,0.003980388708079596,0.4400205309903002,0.6429030485307446,0.3008767719457886,0.40815115174233374
9,IG,0.8853836066346688,0.003980388708079596,0.31995071006877057,0.49967485137899775,0.06880073530997388,0.3556636267930553
10,IG,0.8886172108689291,0.003980388708079596,0.5641524951975592,0.6854254739412678,0.4286066069392264,0.5712889499548712
11,IG,0.8885623654409286,0.003980388708079596,0.4278975323382897,0.6666687656868243,-0.09765653624340793,0.5712889499548712
12,IG,0.8910151363465346,0.003980388708079596,0.523500220064829,0.6448464204123051,0.23385588571471452,0.6076492870661481
13,IG,0.8873498531694299,0.003980388708079596,0.36906820155185543,0.61716106716026,0.06880073530997388,0.39515550186859394
14,IG,0.8873426319649304,0.003980388708079596,0.259074817555769,0.61716106716026,-0.13604061508939524,0.27758940907610563
15,IG,0.8865959455122483,0.003980388708079596,0.4598758634297364,0.5482806142629287,0.31433561825386175,0.48844361060107755
16,IG,0.8847842022606992,0.003980388708079596,0.3764281378526526,0.5860320583559572,-0.037429535086482404,0.4785550140705679
17,IG,0.8871281423380346,0.003980388708079596,0.4039691915265906,0.613446142129977,0.02554340277423024,0.48844361060107755
18,IG,0.8877170566137268,0.003980388708079596,0.11401318121915824,0.3841333030564509,-0.04922908325171622,0.060574252535949134
19,IG,0.8878270735621748,0.003980388708079596,0.30408077528347066,0.6854254739412678,-0.13604061508939524,0.333469121141005
0,IG,0.464868281929419,0.0,0.009201485972405395,0.0650840748047176,-0.047843407268977456,0.009782638176940715
1,IG,0.4013381093221288,0.043958794298910975,0.04074245284680905,0.08064506904677843,-0.047843407268977456,0.0650840748047176
2,IG,0.4013381093221288,0.043958794298910975,-0.047843407268977456,-0.047843407268977456,-0.047843407268977456,-0.047843407268977456
3,IG,0.3199146968762321,0.043958794298910975,-0.01961153675055369,0.0650840748047176,-0.047843407268977456,-0.047843407268977456
4,IG,0.3897901918765415,0.043958794298910975,-0.01961153675055369,0.0650840748047176,-0.047843407268977456,-0.047843407268977456
5,IG,0.39477476948920515,0.043958794298910975,0.036852204286293835,0.0650840748047176,-0.047843407268977456,0.0650840748047176
6,IG,0.40236506877702705,0.043958794298910975,0.008620333767870074,0.0650840748047176,-0.047843407268977456,0.008620333767870074
7,IG,0.40751924997138034,0.043958794298910975,0.008620333767870074,0.0650840748047176,-0.047843407268977456,0.008620333767870074
8,IG,0.41556634469287684,0.043958794298910975,-0.01961153675055369,0.0650840748047176,-0.047843407268977456,-0.047843407268977456
9,IG,0.4182350395182391,0.043958794298910975,0.008620333767870074,0.0650840748047176,-0.047843407268977456,0.008620333767870074
10,IG,0.4191227192642748,0.043958794298910975,0.036852204286293835,0.0650840748047176,-0.047843407268977456,0.0650840748047176
11,IG,0.42060495351155697,0.043958794298910975,-0.009802287315759902,0.0650840748047176,-0.047843407268977456,-0.02822490839938988
12,IG,0.4031364496479342,0.043958794298910975,-0.01961153675055369,0.0650840748047176,-0.047843407268977456,-0.047843407268977456
13,IG,0.4073383573752032,0.043958794298910975,0.008620333767870074,0.0650840748047176,-0.047843407268977456,0.008620333767870074
14,IG,0.40875794743464294,0.043958794298910975,0.036852204286293835,0.0650840748047176,-0.047843407268977456,0.0650840748047176
15,IG,0.41591069695400223,0.043958794298910975,-0.01961153675055369,0.0650840748047176,-0.047843407268977456,-0.047843407268977456
16,IG,0.4168691216253205,0.043958794298910975,0.036852204286293835,0.0650840748047176,-0.047843407268977456,0.0650840748047176
17,IG,0.39986208573691673,0.043958794298910975,-0.01961153675055369,0.0650840748047176,-0.047843407268977456,-0.047843407268977456
18,IG,0.40374817537879165,0.043958794298910975,0.008620333767870074,0.0650840748047176,-0.047843407268977456,0.008620333767870074
19,IG,0.40508932923188723,0.043958794298910975,0.036852204286293835,0.0650840748047176,-0.047843407268977456,0.0650840748047176
0,IG,0.6186567621439217,0.4612434420489422,0.05826308018739325,0.7059093508725691,-0.6886203132773004,0.10788164157715217
1,IG,0.6639316810883034,0.4612434420489422,-0.33116575411526006,-0.20207859441056028,-0.6800064585735357,-0.22128898173847208
2,IG,0.7888468307694548,0.4612434420489422,0.20847692487532551,0.9231287687147002,-0.8720362664789111,0.3914075986327565
3,IG,0.9171089960560149,0.4612434420489422,0.17928785747984677,0.5219603273789676,-0.2628600381390528,0.22902557033973617
4,IG,0.9213530394866839,0.4612434420489422,0.2077158633381209,0.7342853514568638,-0.4678862175304426,0.2822321597130312
5,IG,0.9327943526180207,0.021090121522203464,0.3347378740265429,0.7779742942654577,-0.08289269892551315,0.3219349503831136
6,IG,0.9094837597404944,0.4612434420489422,-0.08409671134185451,0.4282525811912099,-0.7222640809530075,-0.021187672802810198
7,IG,0.931034688761008,0.021090121522203464,-0.00494958433942061,0.45549742026461104,-0.4798315637974722,0.0022679030875893402
8,IG,0.8864406382992471,0.4612434420489422,0.49725683372421725,0.9067215579790856,-0.16015153296544754,0.6212286549416155
9,IG,0.8877215303947035,0.4612434420489422,0.002924276986941983,0.8099451963979285,-0.9603880913115975,0.08107000143071848
10,IG,0.8878316570604907,0.4612434420489422,-0.15706110452922395,0.9086206062220596,-0.9451802811075409,-0.2958423716157073
11,IG,0.9529377172341075,0.021090121522203464,0.056983939977037795,0.4240885473549253,-0.12076966453622347,-0.03769156145527532
12,IG,0.9477197554829528,0.021090121522203464,0.04717591004903546,0.39112093277579124,-0.22509185046610738,0.01133727894322898
13,IG,0.9724537492228617,0.021090121522203464,0.17552775067779836,0.45110740450351644,-0.07767647807852233,0.1643400381430996
14,IG,0.9708413656958149,0.021090121522203464,-0.19517469252977004,0.30018762529262205,-0.8688309349247938,-0.10602773024345427
15,IG,0.9161274240125946,0.021090121522203464,0.11226760040790407,0.48279648333587083,-0.7083696444569327,0.33732178137633917
16,IG,0.9807077106155346,0.0,-0.17007428301883484,0.30652886429320436,-0.7318740437369,-0.12747597631582186
17,IG,0.9908083640144317,0.0,0.7524818384244405,0.8186576343327703,0.6957143824177092,0.7477776684736412
18,IG,0.9911156825225017,0.0,0.009080234703526063,0.45948309628550804,-0.31880735692956613,-0.05217740027091883
19,IG,0.9911264426370421,0.0,-0.04640032872943456,0.8297419064169292,-0.8701077115440055,-0.07261775489533101
0,IG,0.6420062656636876,0.7742762696982477,-0.28585897353270423,0.4451790480844942,-0.7549979357083847,-0.41680850325346325
1,IG,0.6907589660030552,0.23771835273644815,0.281763139392006,0.654107582572469,-0.08639563736379538,0.2796703061796751
2,IG,0.9631380732781071,0.23771835273644815,-0.4857519365702417,0.23367053534521576,-0.8522964336179426,-0.6621909240041199
3,IG,0.9668633724437021,0.23771835273644815,-0.17914217452293463,0.8049949317728207,-0.7331204519496951,-0.394221588957432
4,IG,0.9335933973511341,0.0,-0.2860214531118316,0.1397975298519081,-0.8027468259813451,-0.24056825815894461
5,IG,0.9115015898070102,0.41729316733046085,0.05275580654980559,0.32103278808705077,-0.44105720362429696,0.16552382086823425
6,IG,0.929658249678718,0.41729316733046085,0.3547460364467933,0.7225611373972444,0.032240700100190846,0.3320911541448691
7,IG,0.9382990727479947,0.41729316733046085,-0.10180274307506666,0.34238312817923333,-0.46584937686901545,-0.14187236180524226
8,IG,0.9226844502665151,0.41729316733046085,0.5687665018791994,0.8118019389144644,0.32103278808705077,0.5711156402576412
9,IG,0.9136331130537222,0.41729316733046085,-0.6257320488741802,-0.40714947506600363,-0.8397484559875757,-0.6280151322215706
10,IG,0.9106836236250678,0.41729316733046085,0.12709399803403593,0.6442679898489511,-0.3893963554991244,0.12675217889315848
11,IG,0.9420968641270253,0.23771835273644815,0.0032049977402568985,0.7617833771479393,-0.8027468259813451,0.026891719897216615
12,IG,0.940522524998499,0.23771835273644815,0.07062353763813262,0.5836337330267758,-0.6233487126725737,0.1611045650991642
13,IG,0.9403244815173388,0.0,0.26636209795966703,0.5845753152569478,-0.26078403545663914,0.37082855601917974
14,IG,0.9368563887083307,0.41729316733046085,0.24689925356170844,0.6318279289752106,-0.22991174452612895,0.2928404148988761
15,IG,0.9569288428937464,0.0,-0.2663801817493777,0.04598087877943575,-0.40714947506600363,-0.3521760653554715
16,IG,0.9794000824155916,0.0,-0.09292751320357182,0.022958837963525675,-0.27567596715206943,-0.05949646181287175
17,IG,0.9801419209667546,0.0,-0.28126631555032805,0.23367053534521576,-0.47853856108534903,-0.4400986182305895
18,IG,0.9822191178371241,0.0,0.028127662903045546,0.6228446337316265,-0.4187934886892509,-0.04577024671509668
19,IG,0.9823794272000351,0.0,-0.035270573730592,0.6108820062995727,-0.796233463759331,0.02213458126869515
0,IG,0.8125434838557816,0.0,0.387182111437645,0.4684633542607001,0.3548491870084469,0.3627079522407165
1,IG,0.8083788308970397,0.0,0.3894972592733697,0.4290318252397989,0.3548491870084469,0.3870540124226165
2,IG,0.8052066690418164,0.0,0.3578983622371024,0.36526744396372696,0.3548491870084469,0.3557384089881179
3,IG,0.8096556824415014,0.0,0.3925716553909475,0.4315564223070973,0.3548491870084469,0.3919405061241229
4,IG,0.8096556824415014,0.0,0.3548491870084469,0.3548491870084469,0.3548491870084469,0.3548491870084469
5,IG,0.8083958318385533,0.0,0.3752846085562483,0.43659087319965234,0.3548491870084469,0.3548491870084469
6,IG,0.8106849989311803,0.0,0.4143120471790881,0.46258034404647225,0.37056671747298614,0.41205056359844705
7,IG,0.8101200092003301,0.0,0.3801362043357154,0.45206294693435073,0.3548491870084469,0.3568163417000319
8,IG,0.8124951262049669,0.0,0.3557384089881179,0.35662763096778893,0.3548491870084469,0.3557384089881179
9,IG,0.8124951262049671,0.0,0.3548491870084469,0.3548491870084469,0.3548491870084469,0.3548491870084469
10,IG,0.8126335461075946,0.0,0.3779553784492443,0.4315564223070973,0.3548491870084469,0.3627079522407165
11,IG,0.8125730887184476,0.0,0.39811576461969944,0.4315564223070973,0.3587834963916169,0.4010615698900417
12,IG,0.8148275214437533,0.0,0.3592231806144172,0.37056671747298614,0.3548491870084469,0.3557384089881179
13,IG,0.8140790764032916,0.0,0.3587785696245817,0.37056671747298614,0.3548491870084469,0.3548491870084469
14,IG,0.8131756151434034,0.0,0.35624496793920785,0.3604323107314907,0.3548491870084469,0.3548491870084469
15,IG,0.8150764303943745,0.0,0.35976214697037423,0.37056671747298614,0.3548491870084469,0.3568163417000319
16,IG,0.8155030155368054,0.0,0.4028288524662003,0.4632477186889132,0.3548491870084469,0.39660925208372066
17,IG,0.8161455333381272,0.0,0.3659998842367586,0.3994519759216936,0.3548491870084469,0.3548491870084469
18,IG,0.8152314878699645,0.0,0.38325272882151024,0.4684633542607001,0.3548491870084469,0.3548491870084469
19,IG,0.8153978362305588,0.0,0.40691607988624556,0.4743088366999718,0.3548491870084469,0.39925314791828176
0,IG,-0.042456767636735775,0.060581858670925026,-0.7213861457762015,-0.6928867560111048,-0.7321542656451059,-0.7302517807242975
1,IG,-0.5401447370188882,0.10468221247610221,-0.7307274019544996,-0.7302517807242975,-0.7321542656451059,-0.7302517807242975
2,IG,-0.5615923877905907,0.1537421563244501,-0.7196426881859722,-0.6878154105709964,-0.7302517807242975,-0.7302517807242975
3,IG,-0.4814996630733013,0.1537421563244501,-0.7209105245459994,-0.6928867560111048,-0.7302517807242975,-0.7302517807242975
4,IG,-0.3800202186460394,0.1537421563244501,-0.7087269033704332,-0.6928867560111048,-0.7321542656451059,-0.7049332959127611
5,IG,-0.39922546332520564,0.1537421563244501,-0.7209105245459994,-0.6928867560111048,-0.7302517807242975,-0.7302517807242975
6,IG,-0.22925224937791874,0.10468221247610221,-0.7115692683677012,-0.6928867560111048,-0.7302517807242975,-0.7115692683677012
7,IG,-0.009295601692565936,0.007255444038739123,-0.7115692683677012,-0.6928867560111048,-0.7302517807242975,-0.7115692683677012
8,IG,0.061989224834320504,0.007255444038739123,-0.7213861457762015,-0.6928867560111048,-0.7321542656451059,-0.7302517807242975
9,IG,0.0619892248343205,0.007255444038739123,-0.7302517807242975,-0.7302517807242975,-0.7302517807242975,-0.7302517807242975
10,IG,-0.10925458889730597,0.10468221247610221,-0.7209105245459994,-0.6928867560111048,-0.7302517807242975,-0.7302517807242975
11,IG,0.3852951971148072,0.007255444038739123,-0.7350607965542358,-0.7302517807242975,-0.7494878440440507,-0.7302517807242975
12,IG,0.531686358446378,0.060581858670925026,-0.7307274019544997,-0.7302517807242975,-0.7321542656451059,-0.7302517807242975
13,IG,0.6751974636424012,0.0,-0.7107770532378762,-0.6878154105709964,-0.7321542656451059,-0.7115692683677012
14,IG,0.6262104720484978,0.0,-0.7079005170770084,-0.6928867560111048,-0.7302517807242975,-0.7042317657863155
15,IG,0.1583667447496324,0.007255444038739123,-0.7350607965542357,-0.7302517807242975,-0.7494878440440507,-0.7302517807242975
16,IG,0.15836674474963233,0.007255444038739123,-0.6928867560111048,-0.6928867560111048,-0.6928867560111048,-0.6928867560111048
17,IG,0.30593461368388314,0.007255444038739123,-0.7220507890852448,-0.6928867560111048,-0.7494878440440507,-0.7229142781429119
18,IG,0.018362182119579174,0.007255444038739123,-0.7213861457762015,-0.6928867560111048,-0.7321542656451059,-0.7302517807242975
19,IG,0.34887637393439214,0.007255444038739123,-0.7316786444149038,-0.7302517807242975,-0.7321542656451059,-0.7321542656451059
0,IG,0.5993296015426492,0.04348369977498623,0.122603848298805,0.45688142482644417,-0.3247161058632504,0.17912503711601313
1,IG,0.7643012735550526,0.1689263919065882,-0.20915001240673708,0.23325402680988783,-0.7521579973035079,-0.1588480395666641
2,IG,0.7702965575971692,0.1689263919065882,-0.28651648009374736,0.17912503711601313,-0.7521579973035079,-0.28651648009374736
3,IG,0.7887691961010529,0.04348369977498623,0.11697007408729901,0.43434632798042017,-0.3247161058632504,0.17912503711601313
4,IG,0.807557002561937,0.04348369977498623,0.017422632673568153,0.45688142482644417,-0.49682111624934133,0.05481511105858489
5,IG,0.8268383865055707,0.04348369977498623,-0.20057195367851371,0.45688142482644417,-0.9784823523788743,-0.1403434435808124
6,IG,0.8149271529342491,0.04348369977498623,-0.07279553437361863,0.17912503711601313,-0.3247161058632504,-0.07279553437361863
7,IG,0.8117043723627098,0.04348369977498623,-0.010993397547555489,0.43434632798042017,-0.8365699924026684,0.17912503711601313
8,IG,0.8111662660495514,0.04348369977498623,-0.2362370960025246,0.17912503711601313,-0.9784823523788743,-0.07279553437361863
9,IG,0.7893180313271434,0.04348369977498623,0.0795486981548424,0.45688142482644417,-0.7521579973035079,0.30673568254821665
10,IG,0.7837972778821334,0.04348369977498623,-0.5489118063877445,0.17912503711601313,-0.9621037846933522,-0.7063342389868195
11,IG,0.78156179981097,0.04348369977498623,0.010138498774674515,0.17912503711601313,-0.49682111624934133,0.17912503711601313
12,IG,0.7923132318877051,0.04348369977498623,-0.20782508517321374,0.45688142482644417,-0.7521579973035079,-0.26801188410789567
13,IG,0.755790841572196,0.04348369977498623,-0.09614280258307373,0.23566106781455304,-0.9784823523788743,0.17912503711601313
14,IG,0.7557147059280838,0.04348369977498623,0.08362911969542086,0.45688142482644417,-0.758371407987218,0.3180032309712286
15,IG,0.7551100066988581,0.04348369977498623,-0.521544301454866,0.17912503711601313,-0.9784823523788743,-0.6434099452783013
16,IG,0.7559420271760594,0.04348369977498623,-0.053695721488867115,0.17912503711601313,-0.7521579973035079,0.17912503711601313
17,IG,0.7582643552828185,0.04348369977498623,-0.5718236855460888,0.17912503711601313,-0.9621037846933522,-0.7521579973035079
18,IG,0.7265694617633109,0.04348369977498623,-0.17195706191168467,0.21613422908771654,-0.758371407987218,-0.07279553437361863
19,IG,0.7439397177023257,0.16265976395424964,-0.5384370515833792,-0.3247161058632504,-0.7521579973035079,-0.5384370515833792
0,IG,0.4203267756254535,0.0,0.6959718959874102,0.9815750111124552,0.3313834767736455,0.7354645480317699
1,IG,0.5806829948891975,0.0,0.9844901446708884,0.9955577870922147,0.9792527693664285,0.9815750111124552
2,IG,0.5762650577626282,0.0,0.6662839178321613,0.9815750111124552,0.46870892708718553,0.6074258665645024
3,IG,0.605067897149418,0.0,0.6000740742843491,0.9940277309775336,0.0849457853996857,0.6606613903800884
4,IG,0.5811043363822448,0.0,0.8602567932666702,0.9850490385015704,0.6074258665645024,0.9242761340003038
5,IG,0.549196811009352,0.0,0.6973738258988317,0.992180603675476,0.0849457853996857,0.8561844572600825
6,IG,0.5382709431360179,0.0,0.6625203211754183,0.992180603675476,0.0849457853996857,0.7864774478132556
7,IG,0.5534234337453628,0.0,0.44321880611402215,0.9955577870922147,0.0849457853996857,0.346185825982094
8,IG,0.5462942052076134,0.0,0.6078901259369347,0.9955577870922147,0.0849457853996857,0.675528465627919
9,IG,0.5214558903525454,0.0,0.5973434083467497,0.9955577870922147,0.0849457853996857,0.6544350304475492
10,IG,0.4989683181785032,0.0,0.6570864285883045,0.992180603675476,0.3272950497826433,0.6544350304475492
11,IG,0.5018526761638019,0.0,0.3091030918278781,0.9815750111124552,0.0849457853996857,0.0849457853996857
12,IG,0.49653183801604384,0.0,0.5957383279468391,0.9850490385015704,0.0849457853996857,0.6564792439430504
13,IG,0.46931030299276166,0.0,0.8920131869236697,0.992180603675476,0.73079390340771,0.9225391203057463
14,IG,0.45156984047905085,0.0,0.5352448866305686,0.9940277309775336,0.0849457853996857,0.5310030150725273
15,IG,0.4425889558650786,0.0,0.6625203211754183,0.992180603675476,0.0849457853996857,0.7864774478132556
16,IG,0.4397951631431897,0.0,0.5643297689484553,0.9815750111124552,0.0849457853996857,0.5953991396408403
17,IG,0.5702012193828561,0.0,0.21556580569088984,0.6074258665645024,0.0849457853996857,0.0849457853996857
18,IG,0.569426734088304,0.0,0.6528485734644384,0.9871867382394558,0.3272950497826433,0.6484562529178272
19,IG,0.5648610009675239,0.0,0.590704725686477,0.9850490385015704,0.0849457853996857,0.6464120394223261
0,IG,0.4954640494685503,0.18073758540016582,0.2313006274475764,0.5829206277946699,-0.13244232208038775,0.23736210203801175
1,IG,0.7447268366941469,0.017134284951937362,0.512348270142388,0.6742325342231267,0.20543765092740213,0.5848614477095115
2,IG,0.7746753516507003,0.017134284951937362,0.22618772861854766,0.5477543674549193,-0.13244232208038775,0.2447194345498295
3,IG,0.7745405893657532,0.017134284951937362,0.48891560272529844,0.7846719465839299,-0.13244232208038775,0.6517163931988257
4,IG,0.753316622243848,0.017134284951937362,0.5157211570257487,0.7870934077911829,-0.07719004738849737,0.6764906338501547
5,IG,0.7532121898376698,0.017134284951937362,0.5104222614952031,0.7446955983025755,-0.02930773781017423,0.6631505927442054
6,IG,0.7531236494374169,0.017134284951937362,0.09778324747611329,0.7332647819056491,-0.13249942253231087,-0.10481618473444257
7,IG,0.7514498707354494,0.017134284951937362,0.29976695314562934,0.774348106548334,-0.13244232208038775,0.2785810140572856
8,IG,0.7511090986592219,0.017134284951937362,0.3060761124296787,0.7768426126500801,-0.13249942253231087,0.28998062980047273
9,IG,0.7510515447184992,0.017134284951937362,0.25139122071552733,0.7543212062739958,-0.13244232208038775,0.1918429993342508
10,IG,0.7567052686354199,0.017134284951937362,0.5895083230811154,0.7750860576158122,0.20543765092740213,0.6887547918906238
11,IG,0.7563223957048173,0.017134284951937362,0.350542792781236,0.7309562995940811,-0.13244232208038775,0.40182859680562527
12,IG,0.7525016342945362,0.017134284951937362,0.4733399462253664,0.7768426126500801,-0.055441388427856356,0.5859792803396209
13,IG,0.7462044167839689,0.017134284951937362,0.5927784174289342,0.7610308654475505,0.20355539464558825,0.7032637048112991
14,IG,0.7417540003593429,0.017134284951937362,0.27115139342176375,0.6525850490860653,-0.13244232208038775,0.2822314233406887
15,IG,0.7416907868409311,0.017134284951937362,0.33422818176617275,0.6929233894842244,-0.055441388427856356,0.3497153630041615
16,IG,0.7415995420770536,0.017134284951937362,0.23347298172095304,0.67502936134135,-0.13249942253231087,0.19568099403738645
17,IG,0.7418165238653155,0.017134284951937362,0.367931591021593,0.8091003434228666,-0.13249942253231087,0.39756272159790806
18,IG,0.747643038581211,0.017134284951937362,0.119914622049998,0.402181849756103,-0.13249942253231087,0.10498803048809996
19,IG,0.746322133985126,0.017134284951937362,0.4555007655242931,0.7458122862044471,-0.005001250276166501,0.5405960130844459
0,IG,0.5342187036390283,0.9163256686865264,-0.5498724702477503,0.0950209564017007,-0.9088975635136264,-0.6928066369395378
1,IG,0.8623313078595586,0.5055958686854674,-0.25604844150187867,0.9543687537712118,-0.8695946112830143,-0.5544839542478561
2,IG,0.9247886336015582,0.06873411442465494,-0.2027504180841156,0.7907543275121257,-0.9088975635136264,-0.34642921816748085
3,IG,0.853748391317276,0.18373890755358824,0.3839943741468672,0.9543687537712118,-0.6638515172740379,0.6227301300451474
4,IG,0.7800021590759535,0.18373890755358824,0.39395510585521476,0.8909710323536268,-0.27734193063262813,0.48109566084993016
5,IG,0.9198803135524508,0.18373890755358824,0.48158596106522256,0.6263006836295145,0.23373329995862946,0.5331549303363731
6,IG,0.9945569544492575,0.0,-0.3916829737764793,-0.05426484911283988,-0.8857490448935946,-0.3133590005497414
7,IG,0.9938007953554354,0.0,-0.3874981199269812,0.3019310176895449,-0.711287873783795,-0.5703178118068374
8,IG,0.9971631046942112,0.0,-0.2324150141610259,0.1707413480143542,-0.9088975635136264,-0.09575192057241563
9,IG,0.9943706255232452,0.0,-0.04391752535187831,0.444584070028254,-0.7682622316298904,0.0740040300970616
10,IG,0.9944603592454022,0.0,0.5052301288183468,0.9323225965232049,0.14911193513551213,0.4697429918073352
11,IG,0.99658858443881,0.0,-0.3265065673562554,0.200376578645193,-0.8287116602046101,-0.3388455939328022
12,IG,0.995024246181733,0.0,0.29166119748481817,0.7874646161864869,-0.36808603425992814,0.37363310400635696
13,IG,0.9854491007450322,0.0,0.3991763937359456,0.6058641540056362,-0.026586108154122285,0.5087137645461344
14,IG,0.976690523601851,0.0005335110921551589,0.1762803257800813,0.6469239423809389,-0.6837428339933901,0.3709700973663882
15,IG,0.9766599134869185,0.0005335110921551589,-0.10929035960324615,0.9323225965232049,-0.9088975635136264,-0.23029323571128155
16,IG,0.9766571075717253,0.0005335110921551589,-0.09269027681230589,0.8567542944072875,-0.6046656896123863,-0.3114248560220624
17,IG,0.974514644132193,0.0,-0.02880148252912497,0.444584070028254,-0.5335052559795669,-0.013142372082593473
18,IG,0.9784406792724741,0.0,-0.2714663981949563,0.0950209564017007,-0.5539890384830399,-0.313448755349243
19,IG,0.97279543693951,0.0005335110921551589,0.08468802109795492,0.34882427069111227,-0.438996838187935,0.2144623259443212
0,IG,0.2966543397721057,1.3982539691919986,0.1161812883270438,0.24684739987988585,-0.08510432462197148,0.15149103902513042
1,IG,0.46295962119300443,1.3982539691919986,0.08940559564463321,0.4619981206102151,-0.3708836486415879,0.13325395530495282
2,IG,0.8649003778255221,0.0,-0.05827811637703484,0.1936517532332571,-0.347928611552777,-0.03941780359430973
3,IG,0.9427264648837059,0.0,-0.08152149722928763,0.38065036374704836,-0.2971464183740622,-0.20479496714506834
4,IG,0.9771291801017058,0.0,0.011105958524805032,0.18645503025227925,-0.1478230492389826,0.002895926542961752
5,IG,0.9821387778685258,0.0,0.17733391555956723,0.2809919830280155,0.09423112553926148,0.167056276835496
6,IG,0.9926966100553712,0.0,0.10262289799138914,0.3563581428798103,-0.05462037913899883,0.0543769141123725
7,IG,0.989799167733026,0.0,0.04576449568821825,0.21467808182011894,-0.1576594914033883,0.06301969616807118
8,IG,0.9890522753932366,0.0,-0.22421771774844346,-0.004988744209293327,-0.4007757975858382,-0.24555316459932114
9,IG,0.9854638144349356,0.0,0.07482603967162502,0.32507023473556584,-0.37977914184740574,0.17700653289916998
10,IG,0.9855246675295497,0.0,-0.015209630666631418,0.36138460224433383,-0.2518877416144929,-0.0851676916481833
11,IG,0.9788923114415596,0.0,0.08672086784250863,0.2733898877075881,-0.18152354790391906,0.12750856578318273
12,IG,0.9816176096710414,0.0,-0.32932390264794026,-0.06026188964230891,-0.5499754189664622,-0.35352915099149496
13,IG,0.981282748151199,0.0,0.08903063055711834,0.42238974827056613,-0.32920296711415975,0.13146787053603348
14,IG,0.990793574230675,0.0,0.24566374165581625,0.36162636818436567,0.10092742719224233,0.2600505856233285
15,IG,0.9900067152342639,0.0,-0.16547698769564337,-0.03440986315146723,-0.23921858758414935,-0.1941397500234784
16,IG,0.9901397271825189,0.0,-0.009141409259393827,0.35748590243196,-0.24882724971492967,-0.07261214487730283
17,IG,0.9887634795408132,0.0,-0.16722491653267998,0.0006490294876831966,-0.41496707362058194,-0.1272908109989106
18,IG,0.9891453823929517,0.0,0.06832128041693597,0.3527526604968262,-0.14740704245449876,0.03396975181270822
19,IG,0.9891732278036715,0.0,-0.04155238245780936,0.30186384485393397,-0.5105102395499712,0.021218432432399903
